Rating klienta,Stan konta,Okres,Historia,Cel,Kwota,Suma aktywów,Zatrudnienie,Rata,Stan,Płeć,Zamieszkanie,Zabezpieczenie,Wiek,Inne kredyty,Mieszkanie,Liczba kredytów,Stanowisko,Próba
zły,brak,36,bez problemów,rehabilitacja,3003,brak,5 do 8 lat,25-35,MS,m,Do roku,polisa,22,brak,wynajem,2- 4,wykfalifikowany,Test
dobry,debet,48,opóźnienia,rehabilitacja,17085.6,>1400,1 do 5 lat,25-35,MS,m,1-5 lat,polisa,46,inny bank,wynajem,jeden,specjalista/samozatr.,Uczenie
zły,>$300,36,brak,używany samochód,15363.6,brak,bezrobotny,< 15,K,k,1-5 lat,polisa,24,brak,wynajem,2- 4,specjalista/samozatr.,Uczenie
dobry,brak,24,spłacone,nowy samochód,8986.6,brak,Ponad 8,25-35,K,k,>8 lat,nieruchomość,42,brak,własne,2- 4,specjalista/samozatr.,Test
dobry,>$300,24,brak,rehabilitacja,1761.2,brak,5 do 8 lat,< 15,MS,m,Do roku,brak,23,brak,wynajem,jeden,wykfalifikowany,Test
dobry,debet,12,brak,rehabilitacja,1451.8,<140,5 do 8 lat,15- 25,MS,m,>8 lat,brak,37,brak,wynajem,jeden,niewykfalifikowany stała praca,Uczenie
zły,brak,30,brak,używany samochód,4351.2,brak,do roku,25-35,MR,m,>8 lat,samochód,29,brak,wynajem,jeden,niewykfalifikowany stała praca,Uczenie
dobry,debet,15,spłacone,meble,2151.8,>1400,Ponad 8,< 15,MS,m,>8 lat,brak,48,brak,wynajem,2- 4,wykfalifikowany,Test
dobry,>$300,15,spłacone,meble,2059.4,brak,1 do 5 lat,< 15,MS,m,>8 lat,nieruchomość,33,brak,własne,2- 4,wykfalifikowany,Uczenie
zły,debet,27,spłacone,meble,3528,140-700,1 do 5 lat,< 15,MS,m,1-5 lat,samochód,21,brak,wynajem,2- 4,niewykfalifikowany stała praca,Uczenie
zły,debet,24,brak,używany samochód,5679.8,brak,5 do 8 lat,15- 25,MR,m,5-8 lat,polisa,41,brak,wynajem,jeden,wykfalifikowany,Uczenie
zły,brak,18,brak,remont,1050,brak,bezrobotny,< 15,K,k,Do roku,brak,25,brak,wynajem,jeden,niewykfalifikowany bez stałej pracy,Uczenie
zły,debet,36,bez problemów,rehabilitacja,6237,brak,1 do 5 lat,25-35,MR,m,1-5 lat,brak,28,sklep,wynajem,2- 4,specjalista/samozatr.,Uczenie
dobry,>$300,6,bez problemów,rehabilitacja,2440.2,<140,1 do 5 lat,> 35,MS,m,1-5 lat,brak,32,brak,wynajem,2- 4,niewykfalifikowany stała praca,Test
dobry,brak,12,brak,inny,2650.2,brak,1 do 5 lat,< 15,K,k,>8 lat,samochód,27,brak,wynajem,jeden,wykfalifikowany,Uczenie
dobry,>$300,42,brak,meble,10032.4,>1400,5 do 8 lat,25-35,MŻW,m,>8 lat,samochód,27,brak,inne,jeden,wykfalifikowany,Test
dobry,brak,48,brak,nowy samochód,6703.2,brak,5 do 8 lat,< 15,MS,m,5-8 lat,samochód,24,brak,wynajem,jeden,wykfalifikowany,Uczenie
zły,debet,24,inny bank,remont,2571.8,brak,5 do 8 lat,< 15,K,k,>8 lat,nieruchomość,32,inny bank,własne,jeden,niewykfalifikowany stała praca,Uczenie
dobry,debet,24,spłacone,inny,5429.2,<140,do roku,< 15,MR,m,1-5 lat,polisa,35,brak,wynajem,jeden,wykfalifikowany,Test
dobry,debet,48,brak,business,7533.4,>1400,bezrobotny,15- 25,MS,m,>8 lat,nieruchomość,38,inny bank,własne,jeden,niewykfalifikowany bez stałej pracy,Uczenie
dobry,<= $300,12,brak,meble,4758.6,>1400,Ponad 8,25-35,MS,m,5-8 lat,polisa,35,brak,wynajem,jeden,specjalista/samozatr.,Uczenie
dobry,>$300,24,spłacone,używany samochód,2839.2,brak,5 do 8 lat,25-35,MS,m,1-5 lat,samochód,28,brak,wynajem,2- 4,niewykfalifikowany stała praca,Uczenie
dobry,brak,18,spłacone,inny,7422.8,brak,Ponad 8,25-35,MS,m,>8 lat,nieruchomość,34,brak,własne,5- 6,specjalista/samozatr.,Uczenie
dobry,>$300,12,brak,inny,2637.6,brak,Ponad 8,< 15,MS,m,>8 lat,polisa,37,brak,wynajem,jeden,specjalista/samozatr.,Test
zły,>$300,10,brak,inny,1832.6,>1400,1 do 5 lat,< 15,MS,m,>8 lat,samochód,25,brak,wynajem,jeden,niewykfalifikowany stała praca,Uczenie
dobry,debet,48,bez problemów,business,10614.8,<140,bezrobotny,25-35,MS,m,>8 lat,nieruchomość,29,brak,wynajem,jeden,specjalista/samozatr.,Uczenie
zły,debet,24,bez problemów,używany samochód,2889.6,brak,bezrobotny,15- 25,K,k,1-5 lat,samochód,32,brak,wynajem,jeden,specjalista/samozatr.,Uczenie
dobry,>$300,33,spłacone,nowy samochód,10154.2,brak,5 do 8 lat,15- 25,MS,m,1-5 lat,polisa,33,brak,wynajem,2- 4,specjalista/samozatr.,Test
dobry,debet,12,brak,meble,2193.8,brak,1 do 5 lat,> 35,K,k,Do roku,polisa,20,brak,wynajem,jeden,wykfalifikowany,Test
dobry,debet,12,brak,meble,1617,brak,Ponad 8,15- 25,MŻW,m,5-8 lat,brak,38,inny bank,wynajem,2- 4,niewykfalifikowany stała praca,Test
zły,>$300,36,spłacone,inny,10997,brak,1 do 5 lat,< 15,K,k,1-5 lat,brak,23,sklep,wynajem,2- 4,wykfalifikowany,Uczenie
dobry,brak,12,brak,używany samochód,1804.6,brak,1 do 5 lat,< 15,MS,m,Do roku,samochód,19,brak,wynajem,jeden,niewykfalifikowany stała praca,Test
dobry,brak,6,spłacone,meble,1636.6,>1400,Ponad 8,< 15,MS,m,>8 lat,brak,65,brak,wynajem,2- 4,wykfalifikowany,Uczenie
zły,debet,30,spłacone,inny,5948.6,brak,bezrobotny,< 15,MŻW,m,1-5 lat,polisa,26,brak,wynajem,2- 4,specjalista/samozatr.,Uczenie
dobry,>$300,24,brak,inny,10350.2,brak,1 do 5 lat,> 35,MS,m,>8 lat,samochód,41,brak,wynajem,jeden,niewykfalifikowany stała praca,Test
zły,brak,16,spłacone,inny,3675,brak,Ponad 8,25-35,MS,m,>8 lat,samochód,41,brak,inne,jeden,wykfalifikowany,Uczenie
zły,brak,12,brak,RTV,1037.4,<140,bezrobotny,< 15,K,k,5-8 lat,samochód,20,brak,wynajem,jeden,wykfalifikowany,Test
dobry,>$300,9,spłacone,inny,2987.6,brak,1 do 5 lat,< 15,MS,m,>8 lat,polisa,46,brak,wynajem,5- 6,wykfalifikowany,Test
zły,>$300,27,brak,inny,3598,brak,1 do 5 lat,15- 25,K,k,5-8 lat,brak,19,brak,inne,jeden,wykfalifikowany,Test
dobry,>$300,6,spłacone,meble,1934.8,brak,1 do 5 lat,> 35,K,k,Do roku,polisa,26,brak,wynajem,2- 4,wykfalifikowany,Test
zły,brak,42,brak,meble,5551,brak,do roku,< 15,MS,m,5-8 lat,polisa,32,brak,wynajem,jeden,wykfalifikowany,Test
dobry,<= $300,12,brak,meble,2633.4,brak,1 do 5 lat,25-35,K,k,1-5 lat,polisa,42,brak,inne,jeden,niewykfalifikowany stała praca,Test
dobry,debet,9,brak,meble,2965.2,brak,1 do 5 lat,25-35,MS,m,1-5 lat,brak,35,brak,wynajem,jeden,niewykfalifikowany stała praca,Test
dobry,>$300,15,bez problemów,meble,2069.2,brak,1 do 5 lat,< 15,MŻW,m,5-8 lat,brak,31,inny bank,wynajem,2- 4,wykfalifikowany,Test
dobry,>$300,24,brak,nowy samochód,3738,brak,Ponad 8,< 15,MS,m,>8 lat,polisa,33,brak,wynajem,jeden,specjalista/samozatr.,Uczenie
dobry,debet,12,brak,rehabilitacja,1177.4,<140,5 do 8 lat,25-35,K,k,>8 lat,brak,21,brak,inne,jeden,niewykfalifikowany stała praca,Test
dobry,>$300,15,brak,inny,7453.6,140-700,Ponad 8,> 35,K,k,>8 lat,nieruchomość,33,brak,własne,jeden,wykfalifikowany,Uczenie
dobry,brak,27,brak,meble,4782.4,brak,1 do 5 lat,15- 25,MS,m,1-5 lat,polisa,25,brak,wynajem,jeden,specjalista/samozatr.,Uczenie
dobry,debet,10,brak,używany samochód,2129.4,brak,1 do 5 lat,< 15,MR,m,1-5 lat,polisa,29,brak,wynajem,jeden,niewykfalifikowany stała praca,Uczenie
zły,brak,18,brak,inny,1702.4,brak,do roku,< 15,K,k,5-8 lat,polisa,21,brak,inne,jeden,wykfalifikowany,Uczenie
dobry,<= $300,24,spłacone,meble,4407.2,>1400,1 do 5 lat,15- 25,MS,m,1-5 lat,polisa,29,brak,wynajem,2- 4,wykfalifikowany,Uczenie
zły,debet,24,brak,nowy samochód,5758.2,140-700,do roku,15- 25,K,k,>8 lat,polisa,26,brak,inne,jeden,wykfalifikowany,Test
dobry,>$300,24,brak,inny,1748.6,brak,do roku,< 15,MŻW,m,1-5 lat,brak,26,brak,wynajem,jeden,wykfalifikowany,Uczenie
dobry,>$300,6,brak,używany samochód,4169.2,140-700,1 do 5 lat,> 35,MS,m,1-5 lat,polisa,30,brak,wynajem,jeden,wykfalifikowany,Test
zły,>$300,12,spłacone,rehabilitacja,3208.8,brak,bezrobotny,< 15,MS,m,1-5 lat,polisa,40,sklep,wynajem,2- 4,specjalista/samozatr.,Test
dobry,>$300,12,spłacone,rehabilitacja,1769.6,>1400,Ponad 8,< 15,MS,m,>8 lat,nieruchomość,55,brak,inne,jeden,niewykfalifikowany stała praca,Uczenie
dobry,>$300,18,spłacone,używany samochód,5292,brak,do roku,15- 25,MR,m,1-5 lat,polisa,33,brak,wynajem,2- 4,specjalista/samozatr.,Test
dobry,>$300,15,brak,inny,4460.4,700-1400,5 do 8 lat,25-35,K,k,5-8 lat,polisa,18,brak,inne,jeden,wykfalifikowany,Uczenie
dobry,>$300,60,brak,inny,14512.4,brak,Ponad 8,25-35,MS,m,>8 lat,samochód,40,brak,wynajem,jeden,specjalista/samozatr.,Uczenie
dobry,>$300,18,spłacone,meble,8498,brak,Ponad 8,15- 25,MS,m,>8 lat,polisa,31,brak,wynajem,2- 4,wykfalifikowany,Uczenie
dobry,>$300,24,spłacone,nowy samochód,8125.6,700-1400,1 do 5 lat,< 15,MS,m,1-5 lat,brak,25,brak,wynajem,2- 4,wykfalifikowany,Uczenie
dobry,brak,24,brak,używany samochód,10809.4,>1400,do roku,> 35,K,k,1-5 lat,samochód,28,brak,wynajem,jeden,wykfalifikowany,Test
dobry,>$300,6,spłacone,inny,350,700-1400,1 do 5 lat,25-35,K,k,1-5 lat,brak,39,inny bank,wynajem,2- 4,niewykfalifikowany stała praca,Uczenie
dobry,>$300,6,brak,używany samochód,2160.2,700-1400,1 do 5 lat,< 15,MR,m,1-5 lat,brak,31,brak,wynajem,jeden,wykfalifikowany,Uczenie
dobry,debet,11,brak,używany samochód,2207.8,700-1400,do roku,< 15,K,k,Do roku,brak,18,brak,wynajem,jeden,wykfalifikowany,Test
dobry,debet,15,spłacone,meble,3819.2,>1400,5 do 8 lat,< 15,MS,m,1-5 lat,brak,33,inny bank,wynajem,5- 6,wykfalifikowany,Uczenie
dobry,>$300,24,bez problemów,inny,1003.8,>1400,Ponad 8,< 15,MŻW,m,>8 lat,polisa,52,brak,wynajem,2- 4,wykfalifikowany,Uczenie
dobry,brak,6,spłacone,inny,1204,brak,Ponad 8,> 35,K,k,>8 lat,nieruchomość,37,brak,wynajem,2- 4,wykfalifikowany,Uczenie
zły,>$300,18,brak,AGD,2720.2,brak,do roku,< 15,K,k,>8 lat,brak,21,brak,wynajem,jeden,wykfalifikowany,Uczenie
zły,brak,36,brak,inny,12979.4,brak,5 do 8 lat,25-35,MS,m,Do roku,polisa,22,brak,wynajem,jeden,wykfalifikowany,Uczenie
dobry,>$300,15,spłacone,meble,1842.4,140-700,1 do 5 lat,25-35,MŻW,m,1-5 lat,samochód,45,brak,wynajem,2- 4,niewykfalifikowany stała praca,Uczenie
dobry,>$300,24,brak,nowy samochód,4883.2,<140,5 do 8 lat,15- 25,K,k,>8 lat,polisa,21,brak,wynajem,jeden,wykfalifikowany,Uczenie
zły,brak,21,brak,meble,2569,brak,1 do 5 lat,15- 25,K,k,1-5 lat,brak,23,brak,wynajem,2- 4,wykfalifikowany,Uczenie
dobry,brak,18,opóźnienia,rehabilitacja,4345.6,brak,5 do 8 lat,15- 25,MS,m,Do roku,samochód,29,inny bank,wynajem,jeden,wykfalifikowany,Uczenie
zły,debet,12,brak,inny,1170.4,<140,do roku,< 15,K,k,1-5 lat,samochód,21,inny bank,wynajem,jeden,niewykfalifikowany stała praca,Test
dobry,>$300,24,brak,używany samochód,7715.4,<140,1 do 5 lat,< 15,MS,m,Do roku,polisa,23,sklep,wynajem,jeden,wykfalifikowany,Test
dobry,<= $300,18,brak,inny,2745.4,brak,Ponad 8,15- 25,K,k,1-5 lat,polisa,21,brak,wynajem,jeden,specjalista/samozatr.,Test
dobry,debet,10,brak,inny,10231.2,brak,bezrobotny,25-35,MS,m,>8 lat,nieruchomość,68,inny bank,własne,jeden,specjalista/samozatr.,Test
dobry,>$300,24,spłacone,meble,3393.6,>1400,Ponad 8,< 15,MS,m,>8 lat,samochód,51,brak,wynajem,2- 4,wykfalifikowany,Uczenie
zły,debet,36,bez problemów,inny,3115,brak,Ponad 8,< 15,MS,m,>8 lat,nieruchomość,55,inny bank,własne,2- 4,wykfalifikowany,Uczenie
dobry,>$300,6,brak,meble,2233,brak,5 do 8 lat,15- 25,MS,m,1-5 lat,samochód,49,brak,wynajem,jeden,wykfalifikowany,Uczenie
zły,debet,48,opóźnienia,business,25793.6,brak,1 do 5 lat,> 35,K,k,1-5 lat,samochód,30,inny bank,wynajem,jeden,specjalista/samozatr.,Uczenie
zły,brak,24,inny bank,używany samochód,9620.8,brak,do roku,25-35,MR,m,Do roku,samochód,53,inny bank,wynajem,jeden,wykfalifikowany,Uczenie
dobry,debet,36,bez problemów,inny,10404.8,brak,1 do 5 lat,25-35,K,k,1-5 lat,samochód,52,brak,inne,jeden,wykfalifikowany,Uczenie
dobry,>$300,30,spłacone,nowy samochód,10634.4,>1400,Ponad 8,> 35,MS,m,>8 lat,polisa,61,brak,wynajem,2- 4,wykfalifikowany,Uczenie
dobry,brak,30,brak,nowy samochód,5399.8,brak,1 do 5 lat,< 15,MR,m,>8 lat,samochód,38,brak,wynajem,jeden,specjalista/samozatr.,Test
dobry,<= $300,10,spłacone,meble,1885.8,>1400,5 do 8 lat,< 15,MS,m,1-5 lat,samochód,25,brak,wynajem,2- 4,wykfalifikowany,Uczenie
dobry,debet,30,brak,meble,4187.4,>1400,Ponad 8,25-35,K,k,>8 lat,polisa,23,brak,wynajem,jeden,wykfalifikowany,Test
dobry,debet,36,brak,remont,5195.4,>1400,1 do 5 lat,25-35,MŻW,m,1-5 lat,polisa,25,brak,wynajem,jeden,wykfalifikowany,Uczenie
dobry,debet,6,bez problemów,rehabilitacja,2028.6,<140,Ponad 8,> 35,MR,m,1-5 lat,polisa,29,inny bank,wynajem,2- 4,wykfalifikowany,Uczenie
dobry,debet,48,inny bank,inny,17036.6,>1400,bezrobotny,< 15,MS,m,>8 lat,nieruchomość,34,brak,własne,jeden,specjalista/samozatr.,Uczenie
zły,brak,12,brak,remont,1113,brak,do roku,< 15,K,k,>8 lat,samochód,51,brak,wynajem,jeden,wykfalifikowany,Uczenie
dobry,>$300,15,brak,nowy samochód,1820,>1400,Ponad 8,< 15,MS,m,>8 lat,nieruchomość,43,inny bank,własne,jeden,wykfalifikowany,Test
dobry,>$300,36,bez problemów,nowy samochód,12525.8,>1400,5 do 8 lat,15- 25,MS,m,1-5 lat,polisa,29,sklep,wynajem,jeden,specjalista/samozatr.,Uczenie
dobry,>$300,24,spłacone,meble,3757.6,brak,1 do 5 lat,< 15,MS,m,1-5 lat,brak,33,brak,wynajem,2- 4,niewykfalifikowany stała praca,Test
dobry,brak,21,spłacone,inny,799.4,brak,Ponad 8,< 15,MS,m,>8 lat,brak,63,brak,wynajem,2- 4,wykfalifikowany,Uczenie
dobry,<= $300,10,brak,RTV,1715,brak,1 do 5 lat,25-35,MS,m,1-5 lat,polisa,35,brak,wynajem,jeden,wykfalifikowany,Uczenie
dobry,debet,27,bez problemów,nowy samochód,8351,brak,Ponad 8,> 35,MS,m,1-5 lat,polisa,28,brak,wynajem,2- 4,specjalista/samozatr.,Uczenie
dobry,>$300,12,spłacone,AGD,1394.4,>1400,5 do 8 lat,< 15,K,k,>8 lat,brak,21,brak,wynajem,2- 4,wykfalifikowany,Uczenie
dobry,>$300,24,brak,meble,2172.8,brak,5 do 8 lat,15- 25,MS,m,Do roku,polisa,30,inny bank,wynajem,jeden,wykfalifikowany,Uczenie
zły,>$300,30,inny bank,nowy samochód,10479,>1400,bezrobotny,< 15,K,k,Do roku,brak,51,inny bank,wynajem,jeden,specjalista/samozatr.,Test
dobry,brak,12,brak,używany samochód,912.8,brak,Ponad 8,< 15,K,k,>8 lat,samochód,22,brak,inne,jeden,wykfalifikowany,Uczenie
dobry,brak,12,spłacone,meble,539,brak,5 do 8 lat,< 15,K,k,5-8 lat,brak,56,brak,wynajem,7 i więcej,niewykfalifikowany stała praca,Uczenie
dobry,debet,12,brak,meble,1528.8,brak,1 do 5 lat,< 15,K,k,>8 lat,brak,47,brak,wynajem,2- 4,wykfalifikowany,Test
dobry,debet,24,bez problemów,rehabilitacja,6596.8,>1400,1 do 5 lat,< 15,MS,m,1-5 lat,samochód,32,inny bank,wynajem,2- 4,specjalista/samozatr.,Test
dobry,>$300,9,spłacone,remont,1741.6,>1400,Ponad 8,< 15,K,k,>8 lat,samochód,39,brak,inne,2- 4,niewykfalifikowany stała praca,Uczenie
dobry,>$300,6,inny bank,meble,2450,140-700,Ponad 8,25-35,MS,m,>8 lat,samochód,43,inny bank,wynajem,jeden,niewykfalifikowany stała praca,Uczenie
dobry,debet,18,brak,rehabilitacja,3670.8,<140,1 do 5 lat,< 15,MS,m,>8 lat,polisa,32,brak,wynajem,jeden,wykfalifikowany,Uczenie
dobry,>$300,9,spłacone,remont,1310.4,140-700,Ponad 8,< 15,MS,m,1-5 lat,polisa,50,brak,wynajem,2- 4,wykfalifikowany,Uczenie
dobry,debet,24,brak,meble,7117.6,>1400,Ponad 8,25-35,K,k,>8 lat,polisa,40,brak,wynajem,jeden,wykfalifikowany,Test
dobry,>$300,36,bez problemów,inny,15225,brak,Ponad 8,25-35,MS,m,1-5 lat,polisa,43,brak,wynajem,2- 4,wykfalifikowany,Test
zły,>$300,48,brak,rehabilitacja,5479.6,>1400,1 do 5 lat,< 15,MR,m,1-5 lat,brak,36,inny bank,wynajem,jeden,wykfalifikowany,Test
dobry,brak,42,brak,używany samochód,11034.8,brak,5 do 8 lat,25-35,MS,m,>8 lat,samochód,43,brak,własne,jeden,wykfalifikowany,Uczenie
zły,>$300,18,brak,meble,606.2,brak,bezrobotny,15- 25,K,k,>8 lat,brak,20,brak,inne,jeden,wykfalifikowany,Uczenie
dobry,>$300,12,spłacone,meble,1003.8,brak,Ponad 8,< 15,MS,m,>8 lat,brak,50,brak,wynajem,5- 6,wykfalifikowany,Test
dobry,>$300,13,brak,meble,1972.6,<140,bezrobotny,25-35,K,k,>8 lat,brak,62,brak,wynajem,jeden,wykfalifikowany,Uczenie
zły,debet,6,inny bank,remont,606.2,700-1400,do roku,< 15,K,k,1-5 lat,samochód,22,inny bank,inne,jeden,wykfalifikowany,Uczenie
dobry,>$300,24,brak,meble,1835.4,<140,5 do 8 lat,< 15,MŻW,m,5-8 lat,samochód,24,brak,wynajem,jeden,wykfalifikowany,Uczenie
dobry,>$300,24,brak,meble,1789.2,brak,Ponad 8,< 15,MS,m,Do roku,brak,34,brak,wynajem,jeden,specjalista/samozatr.,Uczenie
dobry,>$300,24,brak,używany samochód,5560.8,brak,5 do 8 lat,25-35,K,k,>8 lat,samochód,23,brak,inne,jeden,wykfalifikowany,Test
zły,brak,6,spłacone,używany samochód,4737.6,brak,1 do 5 lat,> 35,MR,m,>8 lat,brak,42,brak,inne,jeden,specjalista/samozatr.,Uczenie
dobry,>$300,6,brak,meble,1884.4,<140,Ponad 8,25-35,MS,m,>8 lat,nieruchomość,40,inny bank,własne,jeden,wykfalifikowany,Uczenie
dobry,brak,24,brak,nowy samochód,4149.6,>1400,Ponad 8,< 15,MS,m,>8 lat,nieruchomość,47,inny bank,własne,jeden,wykfalifikowany,Test
dobry,debet,24,spłacone,meble,2440.2,brak,Ponad 8,< 15,MS,m,1-5 lat,samochód,46,brak,wynajem,2- 4,niewykfalifikowany stała praca,Uczenie
dobry,>$300,18,spłacone,meble,2214.8,700-1400,Ponad 8,< 15,MS,m,>8 lat,polisa,44,brak,wynajem,2- 4,wykfalifikowany,Uczenie
zły,debet,24,brak,inny,1897,brak,do roku,15- 25,K,k,>8 lat,polisa,23,brak,wynajem,jeden,niewykfalifikowany stała praca,Uczenie
dobry,>$300,24,spłacone,używany samochód,2219,brak,5 do 8 lat,< 15,MS,m,5-8 lat,samochód,38,brak,wynajem,2- 4,wykfalifikowany,Test
dobry,>$300,12,brak,inny,896,brak,1 do 5 lat,< 15,MR,m,1-5 lat,brak,47,brak,wynajem,jeden,niewykfalifikowany stała praca,Uczenie
dobry,>$300,6,spłacone,meble,2175.6,brak,5 do 8 lat,> 35,K,k,1-5 lat,polisa,22,brak,inne,2- 4,wykfalifikowany,Uczenie
zły,>$300,12,bez problemów,AGD,2177,700-1400,Ponad 8,< 15,MS,m,>8 lat,nieruchomość,53,brak,własne,2- 4,wykfalifikowany,Uczenie
dobry,>$300,24,spłacone,rehabilitacja,5794.6,<140,1 do 5 lat,15- 25,MS,m,5-8 lat,samochód,25,brak,wynajem,2- 4,niewykfalifikowany stała praca,Uczenie
zły,debet,21,brak,rehabilitacja,3873.8,<140,Ponad 8,< 15,MR,m,1-5 lat,polisa,59,brak,inne,2- 4,niewykfalifikowany stała praca,Uczenie
dobry,>$300,12,spłacone,meble,3263.4,>1400,Ponad 8,> 35,MS,m,>8 lat,brak,47,brak,wynajem,jeden,wykfalifikowany,Uczenie
dobry,>$300,9,brak,używany samochód,1838.2,brak,Ponad 8,> 35,MS,m,>8 lat,polisa,18,brak,wynajem,jeden,wykfalifikowany,Test
dobry,debet,26,brak,nowy samochód,11152.4,brak,do roku,25-35,MS,m,5-8 lat,polisa,28,brak,wynajem,2- 4,wykfalifikowany,Test
dobry,brak,24,spłacone,nowy samochód,9261,brak,bezrobotny,25-35,MS,m,>8 lat,nieruchomość,73,brak,własne,2- 4,specjalista/samozatr.,Uczenie
zły,brak,30,brak,używany samochód,8890,>1400,Ponad 8,< 15,MS,m,>8 lat,samochód,29,brak,wynajem,jeden,wykfalifikowany,Uczenie
zły,debet,24,brak,inny,3805.2,brak,1 do 5 lat,15- 25,K,k,>8 lat,samochód,18,brak,inne,jeden,niewykfalifikowany stała praca,Uczenie
dobry,>$300,4,spłacone,meble,2161.6,brak,5 do 8 lat,25-35,MS,m,Do roku,brak,40,brak,wynajem,5- 6,niewykfalifikowany stała praca,Uczenie
zły,brak,24,brak,inny,1933.4,>1400,1 do 5 lat,< 15,K,k,1-5 lat,samochód,33,brak,wynajem,jeden,wykfalifikowany,Uczenie
zły,debet,48,brak,używany samochód,13944,brak,do roku,> 35,K,k,1-5 lat,polisa,24,inny bank,wynajem,jeden,wykfalifikowany,Uczenie
dobry,debet,18,brak,nowy samochód,3890.6,brak,1 do 5 lat,> 35,MŻW,m,5-8 lat,polisa,19,brak,inne,jeden,wykfalifikowany,Uczenie
dobry,brak,24,inny bank,używany samochód,3959.2,140-700,1 do 5 lat,< 15,MS,m,>8 lat,brak,20,sklep,wynajem,jeden,wykfalifikowany,Uczenie
zły,brak,48,brak,inny,10868.2,brak,Ponad 8,< 15,MS,m,>8 lat,nieruchomość,40,inny bank,własne,jeden,specjalista/samozatr.,Test
dobry,>$300,11,brak,rehabilitacja,2998.8,700-1400,Ponad 8,> 35,MR,m,1-5 lat,brak,26,brak,wynajem,jeden,wykfalifikowany,Uczenie
dobry,>$300,24,brak,meble,1978.2,brak,1 do 5 lat,< 15,MŻW,m,1-5 lat,samochód,26,brak,wynajem,jeden,wykfalifikowany,Test
dobry,>$300,21,brak,inny,3894.8,140-700,5 do 8 lat,> 35,K,k,1-5 lat,polisa,29,inny bank,wynajem,jeden,specjalista/samozatr.,Uczenie
dobry,<= $300,6,spłacone,inny,1880.2,brak,Ponad 8,> 35,MS,m,>8 lat,brak,44,brak,wynajem,2- 4,wykfalifikowany,Test
zły,debet,12,brak,inny,959,brak,5 do 8 lat,25-35,MŻW,m,5-8 lat,polisa,23,inny bank,wynajem,jeden,niewykfalifikowany stała praca,Test
zły,debet,48,brak,rehabilitacja,21940.8,brak,1 do 5 lat,25-35,MS,m,1-5 lat,polisa,21,brak,wynajem,jeden,wykfalifikowany,Uczenie
dobry,brak,12,brak,używany samochód,2319.8,brak,1 do 5 lat,25-35,MS,m,1-5 lat,brak,25,brak,wynajem,jeden,wykfalifikowany,Test
zły,debet,12,brak,używany samochód,1331.4,<140,do roku,< 15,K,k,>8 lat,polisa,25,inny bank,inne,7 i więcej,wykfalifikowany,Uczenie
zły,brak,36,brak,używany samochód,7250.6,brak,5 do 8 lat,< 15,MS,m,1-5 lat,samochód,27,brak,wynajem,jeden,wykfalifikowany,Uczenie
dobry,debet,18,opóźnienia,używany samochód,4541.6,brak,1 do 5 lat,> 35,K,k,>8 lat,polisa,31,inny bank,wynajem,2- 4,wykfalifikowany,Test
zły,debet,30,spłacone,używany samochód,11740.4,brak,5 do 8 lat,25-35,MS,m,1-5 lat,samochód,47,brak,wynajem,jeden,wykfalifikowany,Test
zły,brak,36,spłacone,nowy samochód,13480.6,brak,5 do 8 lat,< 15,MS,m,>8 lat,polisa,22,brak,wynajem,2- 4,wykfalifikowany,Uczenie
dobry,>$300,24,spłacone,rehabilitacja,6336.4,brak,1 do 5 lat,15- 25,MS,m,1-5 lat,brak,72,brak,wynajem,jeden,specjalista/samozatr.,Uczenie
dobry,>$300,24,spłacone,używany samochód,5287.8,700-1400,1 do 5 lat,< 15,MS,m,>8 lat,brak,38,brak,wynajem,jeden,wykfalifikowany,Uczenie
dobry,<= $300,10,brak,inny,5528.6,brak,do roku,> 35,MS,m,Do roku,samochód,35,brak,wynajem,jeden,niewykfalifikowany stała praca,Uczenie
dobry,debet,45,spłacone,nowy samochód,6406.4,<140,bezrobotny,15- 25,MS,m,>8 lat,polisa,25,brak,wynajem,jeden,wykfalifikowany,Test
dobry,>$300,24,spłacone,AGD,7709.8,brak,Ponad 8,15- 25,MS,m,>8 lat,nieruchomość,42,brak,własne,2- 4,wykfalifikowany,Uczenie
zły,debet,24,brak,meble,2854.6,brak,do roku,> 35,MŻW,m,Do roku,samochód,20,brak,wynajem,jeden,wykfalifikowany,Test
dobry,brak,9,brak,meble,1909.6,brak,5 do 8 lat,15- 25,MS,m,>8 lat,brak,57,brak,wynajem,jeden,wykfalifikowany,Test
zły,debet,60,brak,inny,19637.8,brak,5 do 8 lat,< 15,MS,m,1-5 lat,nieruchomość,25,brak,wynajem,jeden,specjalista/samozatr.,Uczenie
dobry,debet,12,brak,inny,10460.8,>1400,bezrobotny,> 35,K,k,1-5 lat,brak,22,brak,inne,jeden,niewykfalifikowany bez stałej pracy,Uczenie
dobry,>$300,30,brak,meble,3266.2,140-700,Ponad 8,< 15,MS,m,1-5 lat,polisa,28,inny bank,wynajem,jeden,specjalista/samozatr.,Test
zły,debet,12,brak,używany samochód,2690.8,brak,1 do 5 lat,< 15,MS,m,1-5 lat,samochód,35,brak,wynajem,jeden,niewykfalifikowany stała praca,Uczenie
dobry,>$300,12,brak,używany samochód,1068.2,brak,1 do 5 lat,< 15,K,k,Do roku,brak,24,brak,wynajem,jeden,wykfalifikowany,Uczenie
dobry,brak,30,opóźnienia,rehabilitacja,11300.8,>1400,do roku,25-35,MS,m,5-8 lat,polisa,23,inny bank,wynajem,5- 6,wykfalifikowany,Test
dobry,brak,18,bez problemów,remont,11859.4,>1400,1 do 5 lat,> 35,K,k,1-5 lat,polisa,21,brak,inne,2- 4,wykfalifikowany,Test
zły,debet,39,spłacone,meble,6906.2,brak,5 do 8 lat,25-35,MS,m,1-5 lat,brak,23,brak,wynajem,2- 4,wykfalifikowany,Uczenie
zły,brak,24,bez problemów,meble,2322.6,brak,do roku,< 15,K,k,1-5 lat,polisa,27,brak,inne,jeden,niewykfalifikowany stała praca,Test
dobry,debet,39,bez problemów,remont,16464,<140,5 do 8 lat,25-35,MS,m,5-8 lat,nieruchomość,30,brak,inne,jeden,wykfalifikowany,Test
zły,>$300,48,spłacone,nowy samochód,16226,<140,1 do 5 lat,25-35,K,k,>8 lat,polisa,22,brak,inne,2- 4,niewykfalifikowany stała praca,Uczenie
dobry,>$300,15,brak,meble,1698.2,140-700,Ponad 8,< 15,MS,m,5-8 lat,samochód,45,sklep,wynajem,jeden,wykfalifikowany,Test
zły,debet,21,brak,rehabilitacja,1663.2,brak,Ponad 8,25-35,K,k,>8 lat,samochód,37,brak,wynajem,jeden,wykfalifikowany,Test
zły,brak,15,brak,inny,5542.6,brak,1 do 5 lat,15- 25,K,k,1-5 lat,samochód,27,brak,wynajem,jeden,wykfalifikowany,Test
zły,debet,9,spłacone,remont,1590.4,700-1400,Ponad 8,< 15,MS,m,5-8 lat,nieruchomość,30,brak,własne,2- 4,wykfalifikowany,Uczenie
dobry,>$300,10,spłacone,używany samochód,3004.4,brak,do roku,> 35,K,k,5-8 lat,brak,21,brak,inne,2- 4,wykfalifikowany,Uczenie
dobry,brak,24,brak,używany samochód,2445.8,brak,do roku,< 15,MS,m,Do roku,samochód,22,brak,wynajem,jeden,niewykfalifikowany stała praca,Test
dobry,>$300,15,brak,inny,4978.4,>1400,1 do 5 lat,15- 25,MS,m,1-5 lat,nieruchomość,27,brak,wynajem,jeden,wykfalifikowany,Uczenie
zły,brak,42,bez problemów,meble,6118,brak,5 do 8 lat,15- 25,MS,m,1-5 lat,samochód,24,inny bank,wynajem,2- 4,wykfalifikowany,Test
zły,debet,15,inny bank,inny,9590,<140,bezrobotny,> 35,MS,m,1-5 lat,samochód,32,sklep,wynajem,jeden,specjalista/samozatr.,Test
dobry,>$300,11,spłacone,inny,1950.2,brak,do roku,< 15,K,k,>8 lat,polisa,33,brak,wynajem,2- 4,specjalista/samozatr.,Uczenie
dobry,brak,15,brak,inny,3515.4,brak,bezrobotny,> 35,K,k,>8 lat,polisa,21,brak,inne,jeden,wykfalifikowany,Uczenie
zły,debet,48,opóźnienia,rehabilitacja,20189.4,brak,1 do 5 lat,25-35,MS,m,1-5 lat,polisa,23,sklep,wynajem,jeden,wykfalifikowany,Uczenie
zły,brak,48,spłacone,nowy samochód,8600.2,brak,Ponad 8,< 15,K,k,>8 lat,nieruchomość,56,sklep,własne,2- 4,niewykfalifikowany stała praca,Test
zły,debet,30,bez problemów,meble,2686.6,<140,do roku,< 15,MS,m,5-8 lat,nieruchomość,28,sklep,wynajem,2- 4,specjalista/samozatr.,Test
zły,>$300,12,spłacone,meble,1115.8,>1400,Ponad 8,< 15,K,k,5-8 lat,samochód,31,brak,wynajem,jeden,niewykfalifikowany stała praca,Uczenie
dobry,brak,12,brak,meble,1549.8,brak,1 do 5 lat,25-35,MS,m,1-5 lat,brak,18,brak,inne,jeden,specjalista/samozatr.,Test
zły,brak,9,brak,meble,1912.4,brak,do roku,15- 25,K,k,>8 lat,samochód,20,brak,inne,jeden,wykfalifikowany,Uczenie
dobry,<= $300,18,inny bank,meble,2023,>1400,5 do 8 lat,< 15,MS,m,>8 lat,polisa,47,inny bank,wynajem,jeden,niewykfalifikowany stała praca,Test
zły,debet,48,bez problemów,remont,8713.6,brak,Ponad 8,< 15,MS,m,>8 lat,nieruchomość,48,brak,własne,jeden,wykfalifikowany,Uczenie
zły,debet,24,brak,nowy samochód,16184,brak,1 do 5 lat,> 35,K,k,>8 lat,polisa,21,brak,inne,2- 4,specjalista/samozatr.,Uczenie
dobry,debet,13,brak,meble,2941.4,brak,do roku,25-35,K,k,>8 lat,samochód,21,brak,wynajem,jeden,niewykfalifikowany stała praca,Uczenie
dobry,>$300,21,spłacone,nowy samochód,4585,brak,Ponad 8,> 35,MS,m,>8 lat,polisa,34,brak,wynajem,jeden,specjalista/samozatr.,Uczenie
dobry,debet,8,brak,meble,1979.6,brak,1 do 5 lat,< 15,MS,m,1-5 lat,brak,31,brak,wynajem,jeden,wykfalifikowany,Uczenie
dobry,debet,6,brak,meble,826,brak,do roku,15- 25,MŻW,m,5-8 lat,brak,24,brak,wynajem,jeden,niewykfalifikowany stała praca,Uczenie
dobry,brak,12,spłacone,nowy samochód,1972.6,brak,Ponad 8,< 15,MS,m,5-8 lat,brak,52,brak,wynajem,jeden,wykfalifikowany,Uczenie
dobry,debet,12,brak,nowy samochód,2839.2,>1400,1 do 5 lat,< 15,MS,m,1-5 lat,polisa,28,brak,wynajem,jeden,wykfalifikowany,Uczenie
dobry,>$300,12,brak,używany samochód,2475.2,brak,1 do 5 lat,15- 25,MS,m,1-5 lat,brak,22,brak,inne,jeden,niewykfalifikowany stała praca,Uczenie
dobry,brak,24,brak,business,2457,brak,Ponad 8,< 15,K,k,>8 lat,brak,56,brak,wynajem,jeden,niewykfalifikowany stała praca,Uczenie
zły,debet,12,brak,inny,1712.2,brak,Ponad 8,> 35,MR,m,Do roku,brak,44,brak,inne,2- 4,wykfalifikowany,Uczenie
zły,brak,6,brak,inny,20854.4,brak,Ponad 8,> 35,MS,m,>8 lat,nieruchomość,66,inny bank,wynajem,jeden,specjalista/samozatr.,Uczenie
dobry,brak,24,brak,nowy samochód,9210.6,brak,bezrobotny,< 15,MS,m,1-5 lat,nieruchomość,27,brak,własne,jeden,specjalista/samozatr.,Uczenie
dobry,debet,24,bez problemów,rehabilitacja,9753.8,<140,5 do 8 lat,< 15,MS,m,>8 lat,polisa,34,brak,inne,jeden,specjalista/samozatr.,Test
zły,brak,12,brak,inny,1783.6,brak,do roku,15- 25,K,k,Do roku,brak,35,inny bank,wynajem,jeden,niewykfalifikowany stała praca,Uczenie
dobry,>$300,24,bez problemów,rehabilitacja,5408.2,brak,1 do 5 lat,> 35,MS,m,1-5 lat,nieruchomość,30,brak,własne,jeden,wykfalifikowany,Uczenie
dobry,brak,24,brak,nowy samochód,4093.6,brak,1 do 5 lat,15- 25,MS,m,>8 lat,nieruchomość,61,inny bank,wynajem,jeden,wykfalifikowany,Uczenie
zły,<= $300,12,spłacone,inny,1314.6,140-700,5 do 8 lat,< 15,MŻW,m,1-5 lat,brak,26,brak,wynajem,5- 6,wykfalifikowany,Uczenie
zły,brak,24,inny bank,używany samochód,4688.6,140-700,do roku,< 15,MS,m,>8 lat,nieruchomość,28,brak,własne,jeden,wykfalifikowany,Test
dobry,debet,18,brak,AGD,5420.8,brak,bezrobotny,25-35,K,k,>8 lat,polisa,65,brak,wynajem,jeden,wykfalifikowany,Uczenie
zły,debet,36,opóźnienia,rehabilitacja,2734.2,brak,Ponad 8,< 15,MS,m,>8 lat,nieruchomość,59,brak,własne,jeden,specjalista/samozatr.,Test
dobry,>$300,24,brak,inny,5259.8,brak,Ponad 8,< 15,K,k,>8 lat,nieruchomość,60,brak,własne,jeden,wykfalifikowany,Uczenie
dobry,debet,12,spłacone,nowy samochód,2604,brak,bezrobotny,< 15,MS,m,1-5 lat,polisa,32,brak,wynajem,2- 4,specjalista/samozatr.,Uczenie
dobry,>$300,12,brak,używany samochód,2203.6,brak,1 do 5 lat,< 15,MS,m,1-5 lat,brak,48,brak,wynajem,jeden,wykfalifikowany,Uczenie
dobry,debet,18,bez problemów,AGD,8685.6,brak,1 do 5 lat,25-35,MS,m,>8 lat,brak,42,brak,wynajem,jeden,niewykfalifikowany stała praca,Test
zły,brak,18,brak,używany samochód,3462.2,brak,bezrobotny,< 15,MS,m,Do roku,polisa,23,brak,wynajem,jeden,niewykfalifikowany bez stałej pracy,Uczenie
zły,brak,18,brak,używany samochód,1583.4,brak,bezrobotny,< 15,K,k,1-5 lat,polisa,31,brak,wynajem,jeden,wykfalifikowany,Uczenie
zły,brak,21,inny bank,inny,2305.8,>1400,1 do 5 lat,< 15,MS,m,1-5 lat,samochód,38,inny bank,wynajem,2- 4,niewykfalifikowany stała praca,Uczenie
dobry,>$300,24,spłacone,używany samochód,7210,brak,Ponad 8,< 15,MS,m,>8 lat,polisa,31,brak,wynajem,jeden,wykfalifikowany,Uczenie
zły,debet,36,brak,inny,17344.6,>1400,1 do 5 lat,> 35,MS,m,>8 lat,nieruchomość,35,inny bank,własne,jeden,wykfalifikowany,Uczenie
zły,brak,24,brak,inny,3224.2,brak,Ponad 8,< 15,MS,m,Do roku,brak,43,brak,wynajem,jeden,wykfalifikowany,Test
zły,debet,15,opóźnienia,inny,2489.2,brak,do roku,25-35,K,k,Do roku,brak,24,brak,inne,2- 4,niewykfalifikowany bez stałej pracy,Uczenie
dobry,>$300,36,bez problemów,meble,6235.6,brak,1 do 5 lat,< 15,K,k,>8 lat,brak,32,brak,wynajem,2- 4,wykfalifikowany,Uczenie
zły,debet,24,brak,inny,1744.4,brak,do roku,< 15,MS,m,1-5 lat,brak,21,inny bank,wynajem,jeden,niewykfalifikowany stała praca,Uczenie
dobry,<= $300,15,brak,remont,548.8,brak,do roku,< 15,K,k,>8 lat,samochód,21,brak,inne,jeden,wykfalifikowany,Uczenie
dobry,>$300,12,spłacone,inny,1296.4,brak,bezrobotny,> 35,K,k,1-5 lat,samochód,36,brak,wynajem,jeden,niewykfalifikowany bez stałej pracy,Uczenie
zły,brak,24,brak,inny,6743.8,brak,5 do 8 lat,25-35,MS,m,5-8 lat,samochód,29,brak,wynajem,jeden,wykfalifikowany,Test
dobry,debet,12,spłacone,używany samochód,5063.8,brak,Ponad 8,> 35,MS,m,>8 lat,polisa,26,brak,inne,5- 6,wykfalifikowany,Uczenie
dobry,>$300,10,brak,inny,2164.4,brak,1 do 5 lat,15- 25,MS,m,1-5 lat,brak,29,brak,wynajem,jeden,niewykfalifikowany stała praca,Uczenie
zły,debet,18,spłacone,meble,1743,brak,1 do 5 lat,< 15,MŻW,m,1-5 lat,polisa,31,brak,wynajem,jeden,wykfalifikowany,Test
zły,brak,24,brak,meble,3414.6,brak,do roku,< 15,K,k,>8 lat,brak,33,brak,wynajem,jeden,wykfalifikowany,Test
dobry,brak,12,spłacone,nowy samochód,2136.4,brak,Ponad 8,< 15,MS,m,>8 lat,nieruchomość,64,brak,własne,2- 4,specjalista/samozatr.,Uczenie
dobry,brak,18,spłacone,meble,2632,brak,5 do 8 lat,< 15,MŻW,m,Do roku,samochód,30,brak,wynajem,2- 4,specjalista/samozatr.,Uczenie
dobry,debet,6,brak,meble,1054.2,brak,1 do 5 lat,25-35,K,k,5-8 lat,brak,62,brak,wynajem,jeden,wykfalifikowany,Uczenie
zły,debet,15,brak,meble,1122.8,brak,Ponad 8,< 15,MS,m,5-8 lat,polisa,35,brak,wynajem,jeden,wykfalifikowany,Uczenie
zły,brak,6,inny bank,remont,1677.2,brak,Ponad 8,< 15,K,k,>8 lat,nieruchomość,33,brak,własne,jeden,wykfalifikowany,Test
dobry,>$300,30,bez problemów,rehabilitacja,5980.8,<140,1 do 5 lat,25-35,MS,m,1-5 lat,samochód,24,brak,wynajem,2- 4,niewykfalifikowany stała praca,Uczenie
zły,brak,12,brak,inny,1260,>1400,1 do 5 lat,< 15,MŻW,m,1-5 lat,polisa,21,brak,wynajem,jeden,wykfalifikowany,Test
zły,brak,12,brak,inny,1062.6,brak,5 do 8 lat,< 15,MS,m,1-5 lat,brak,24,brak,wynajem,jeden,wykfalifikowany,Test
zły,>$300,21,spłacone,inny,17752,>1400,Ponad 8,< 15,MS,m,>8 lat,nieruchomość,28,brak,własne,jeden,specjalista/samozatr.,Uczenie
zły,debet,30,spłacone,inny,7327.6,brak,bezrobotny,< 15,MŻW,m,1-5 lat,polisa,26,brak,wynajem,2- 4,specjalista/samozatr.,Test
dobry,debet,12,brak,meble,4102,brak,5 do 8 lat,25-35,K,k,Do roku,brak,25,brak,wynajem,jeden,wykfalifikowany,Uczenie
dobry,<= $300,12,brak,używany samochód,3151.4,brak,1 do 5 lat,> 35,K,k,1-5 lat,polisa,44,brak,wynajem,jeden,niewykfalifikowany stała praca,Uczenie
dobry,>$300,36,opóźnienia,AGD,3658.2,brak,1 do 5 lat,< 15,MS,m,1-5 lat,polisa,25,brak,wynajem,2- 4,wykfalifikowany,Uczenie
dobry,brak,10,spłacone,używany samochód,2984.8,>1400,do roku,25-35,K,k,5-8 lat,brak,25,brak,inne,2- 4,wykfalifikowany,Uczenie
dobry,debet,12,spłacone,nowy samochód,2525.6,<140,do roku,15- 25,MS,m,>8 lat,samochód,42,brak,wynajem,jeden,wykfalifikowany,Uczenie
dobry,>$300,24,bez problemów,rehabilitacja,3325,140-700,1 do 5 lat,< 15,MS,m,1-5 lat,polisa,42,brak,wynajem,2- 4,wykfalifikowany,Uczenie
dobry,>$300,30,spłacone,meble,3963.4,brak,1 do 5 lat,< 15,K,k,1-5 lat,polisa,31,brak,wynajem,jeden,wykfalifikowany,Uczenie
dobry,>$300,12,brak,meble,1766.8,brak,1 do 5 lat,15- 25,MS,m,1-5 lat,polisa,23,brak,wynajem,jeden,wykfalifikowany,Test
dobry,>$300,6,spłacone,meble,2657.2,>1400,1 do 5 lat,> 35,MS,m,1-5 lat,brak,32,brak,wynajem,2- 4,niewykfalifikowany stała praca,Uczenie
dobry,debet,12,brak,używany samochód,1376.2,700-1400,do roku,> 35,K,k,>8 lat,brak,18,brak,inne,jeden,niewykfalifikowany stała praca,Test
dobry,brak,12,brak,używany samochód,5026,brak,1 do 5 lat,25-35,MS,m,1-5 lat,samochód,27,brak,wynajem,jeden,niewykfalifikowany stała praca,Test
dobry,debet,12,opóźnienia,wakacje,1974,brak,1 do 5 lat,25-35,MS,m,1-5 lat,brak,29,brak,wynajem,jeden,niewykfalifikowany stała praca,Test
zły,debet,6,bez problemów,inny,1692.6,brak,bezrobotny,< 15,MS,m,>8 lat,samochód,45,brak,wynajem,jeden,specjalista/samozatr.,Test
dobry,>$300,12,spłacone,inny,1628.2,140-700,1 do 5 lat,< 15,MS,m,>8 lat,brak,42,brak,wynajem,jeden,wykfalifikowany,Uczenie
zły,brak,12,brak,inny,1920.8,brak,5 do 8 lat,25-35,MR,m,5-8 lat,polisa,34,brak,wynajem,jeden,wykfalifikowany,Uczenie
zły,debet,36,brak,inny,20045.2,brak,Ponad 8,< 15,MS,m,1-5 lat,nieruchomość,55,brak,własne,jeden,specjalista/samozatr.,Uczenie
dobry,>$300,54,opóźnienia,nowy samochód,13210.4,>1400,1 do 5 lat,25-35,MS,m,1-5 lat,samochód,37,brak,wynajem,jeden,niewykfalifikowany stała praca,Uczenie
dobry,brak,6,brak,nowy samochód,1892.8,140-700,bezrobotny,> 35,K,k,1-5 lat,samochód,21,brak,inne,jeden,niewykfalifikowany bez stałej pracy,Test
dobry,debet,14,brak,rehabilitacja,1974,140-700,Ponad 8,> 35,MŻW,m,1-5 lat,brak,33,brak,wynajem,jeden,wykfalifikowany,Uczenie
dobry,>$300,36,brak,inny,4310.6,>1400,1 do 5 lat,< 15,MS,m,>8 lat,brak,34,brak,wynajem,jeden,wykfalifikowany,Uczenie
dobry,>$300,24,brak,meble,2146.2,brak,do roku,< 15,K,k,5-8 lat,polisa,36,sklep,wynajem,jeden,wykfalifikowany,Uczenie
zły,brak,12,brak,inny,3610.6,brak,do roku,< 15,MS,m,Do roku,brak,31,brak,wynajem,jeden,niewykfalifikowany stała praca,Uczenie
zły,brak,36,brak,używany samochód,4824.4,brak,Ponad 8,< 15,MS,m,1-5 lat,polisa,40,brak,wynajem,jeden,wykfalifikowany,Test
zły,>$300,12,brak,używany samochód,1572.2,140-700,1 do 5 lat,< 15,K,k,>8 lat,polisa,27,brak,inne,jeden,niewykfalifikowany stała praca,Uczenie
dobry,debet,30,bez problemów,rehabilitacja,3504.2,<140,Ponad 8,< 15,MS,m,1-5 lat,samochód,39,sklep,wynajem,2- 4,wykfalifikowany,Uczenie
dobry,>$300,36,spłacone,nowy samochód,14667.8,>1400,Ponad 8,25-35,MS,m,>8 lat,nieruchomość,40,brak,własne,2- 4,wykfalifikowany,Uczenie
dobry,>$300,24,brak,nowy samochód,3750.6,brak,do roku,< 15,K,k,Do roku,nieruchomość,27,brak,wynajem,jeden,specjalista/samozatr.,Uczenie
dobry,>$300,6,brak,RTV,1873.2,140-700,1 do 5 lat,> 35,MR,m,>8 lat,brak,60,brak,wynajem,jeden,wykfalifikowany,Uczenie
dobry,brak,24,spłacone,meble,1723.4,700-1400,Ponad 8,< 15,K,k,>8 lat,samochód,55,brak,inne,2- 4,specjalista/samozatr.,Uczenie
dobry,debet,18,spłacone,używany samochód,10323.6,brak,bezrobotny,< 15,MS,m,>8 lat,samochód,38,sklep,wynajem,2- 4,specjalista/samozatr.,Test
dobry,>$300,15,brak,RTV,1223.6,>1400,do roku,< 15,K,k,Do roku,brak,22,brak,wynajem,jeden,wykfalifikowany,Uczenie
dobry,brak,20,brak,używany samochód,3096.8,>1400,5 do 8 lat,< 15,MS,m,>8 lat,polisa,37,brak,wynajem,jeden,wykfalifikowany,Uczenie
dobry,debet,18,brak,meble,4498.2,140-700,do roku,> 35,MŻW,m,5-8 lat,brak,23,brak,inne,jeden,wykfalifikowany,Uczenie
zły,brak,36,brak,nowy samochód,11520.6,brak,1 do 5 lat,25-35,MS,m,1-5 lat,samochód,24,brak,wynajem,jeden,wykfalifikowany,Uczenie
dobry,debet,42,spłacone,rehabilitacja,8335.6,brak,5 do 8 lat,25-35,K,k,Do roku,brak,39,inny bank,wynajem,2- 4,niewykfalifikowany stała praca,Uczenie
dobry,brak,6,spłacone,inny,5146.4,brak,1 do 5 lat,> 35,MS,m,5-8 lat,brak,35,brak,inne,5- 6,wykfalifikowany,Uczenie
zły,debet,12,brak,AGD,894.6,brak,1 do 5 lat,< 15,MS,m,1-5 lat,polisa,28,brak,wynajem,jeden,wykfalifikowany,Test
dobry,>$300,18,spłacone,inny,1439.2,brak,1 do 5 lat,< 15,K,k,5-8 lat,brak,34,brak,wynajem,2- 4,wykfalifikowany,Uczenie
dobry,>$300,48,inny bank,rehabilitacja,5052.6,brak,1 do 5 lat,> 35,K,k,Do roku,brak,25,sklep,wynajem,jeden,wykfalifikowany,Uczenie
zły,brak,18,brak,używany samochód,2854.6,brak,1 do 5 lat,> 35,K,k,>8 lat,brak,18,brak,inne,jeden,wykfalifikowany,Uczenie
dobry,debet,12,brak,inny,1845.2,700-1400,Ponad 8,< 15,MS,m,>8 lat,brak,52,brak,wynajem,jeden,wykfalifikowany,Uczenie
dobry,>$300,27,bez problemów,nowy samochód,12058.2,700-1400,1 do 5 lat,25-35,MS,m,1-5 lat,polisa,25,brak,wynajem,2- 4,wykfalifikowany,Test
dobry,brak,12,spłacone,inny,2970.8,brak,1 do 5 lat,15- 25,MS,m,1-5 lat,brak,37,brak,inne,2- 4,niewykfalifikowany stała praca,Test
dobry,brak,12,brak,używany samochód,2601.2,brak,do roku,< 15,K,k,Do roku,polisa,20,brak,inne,jeden,wykfalifikowany,Test
dobry,>$300,28,spłacone,meble,3840.2,brak,Ponad 8,< 15,MS,m,1-5 lat,polisa,27,brak,wynajem,2- 4,wykfalifikowany,Test
dobry,>$300,12,brak,meble,2997.4,<140,5 do 8 lat,15- 25,MS,m,Do roku,nieruchomość,33,brak,wynajem,jeden,wykfalifikowany,Test
dobry,>$300,12,spłacone,meble,730.8,140-700,Ponad 8,< 15,MS,m,>8 lat,samochód,40,brak,wynajem,2- 4,wykfalifikowany,Test
dobry,>$300,7,spłacone,meble,1022,>1400,Ponad 8,< 15,MS,m,1-5 lat,samochód,44,brak,inne,2- 4,niewykfalifikowany stała praca,Test
dobry,>$300,24,spłacone,meble,3112.2,<140,Ponad 8,< 15,MS,m,>8 lat,samochód,50,inny bank,wynajem,2- 4,wykfalifikowany,Uczenie
dobry,>$300,10,brak,inny,1801.8,>1400,Ponad 8,< 15,MS,m,1-5 lat,samochód,43,brak,wynajem,jeden,niewykfalifikowany stała praca,Uczenie
zły,<= $300,15,brak,meble,3257.8,brak,do roku,25-35,K,k,5-8 lat,brak,23,brak,wynajem,jeden,niewykfalifikowany stała praca,Test
zły,brak,12,brak,używany samochód,11011,brak,Ponad 8,< 15,MS,m,>8 lat,nieruchomość,51,brak,własne,jeden,specjalista/samozatr.,Uczenie
zły,debet,24,brak,meble,4328.8,<140,do roku,15- 25,MŻW,m,1-5 lat,polisa,20,brak,inne,jeden,wykfalifikowany,Uczenie
zły,brak,12,brak,meble,992.6,brak,Ponad 8,< 15,MS,m,>8 lat,brak,55,brak,wynajem,jeden,niewykfalifikowany stała praca,Uczenie
dobry,debet,18,spłacone,używany samochód,1813,brak,do roku,< 15,K,k,Do roku,samochód,25,brak,wynajem,2- 4,wykfalifikowany,Uczenie
zły,brak,24,brak,inny,4372.2,brak,do roku,< 15,K,k,Do roku,samochód,25,brak,wynajem,jeden,wykfalifikowany,Test
dobry,debet,12,spłacone,RTV,1993.6,brak,5 do 8 lat,< 15,MS,m,5-8 lat,samochód,24,brak,wynajem,jeden,wykfalifikowany,Uczenie
zły,brak,18,brak,używany samochód,3446.8,brak,1 do 5 lat,25-35,MS,m,1-5 lat,polisa,20,brak,wynajem,jeden,wykfalifikowany,Test
dobry,>$300,18,brak,używany samochód,3521,brak,1 do 5 lat,15- 25,MS,m,>8 lat,brak,41,brak,wynajem,jeden,wykfalifikowany,Test
dobry,>$300,36,spłacone,meble,4678.8,>1400,Ponad 8,< 15,MS,m,1-5 lat,polisa,49,brak,wynajem,jeden,wykfalifikowany,Uczenie
zły,debet,45,spłacone,meble,6644.4,brak,do roku,< 15,MS,m,1-5 lat,samochód,22,inny bank,wynajem,2- 4,niewykfalifikowany stała praca,Uczenie
dobry,debet,6,brak,meble,1495.2,brak,Ponad 8,< 15,MS,m,>8 lat,polisa,26,brak,wynajem,jeden,wykfalifikowany,Uczenie
dobry,>$300,24,spłacone,nowy samochód,9578.8,>1400,1 do 5 lat,25-35,MS,m,>8 lat,samochód,44,brak,wynajem,2- 4,specjalista/samozatr.,Uczenie
zły,>$300,48,brak,rehabilitacja,6781.6,brak,bezrobotny,15- 25,MS,m,1-5 lat,polisa,31,brak,inne,jeden,specjalista/samozatr.,Test
dobry,>$300,12,brak,nowy samochód,6545,>1400,do roku,> 35,K,k,>8 lat,polisa,18,brak,inne,jeden,wykfalifikowany,Test
dobry,>$300,12,spłacone,remont,4991,>1400,do roku,25-35,MS,m,Do roku,samochód,35,brak,wynajem,2- 4,niewykfalifikowany stała praca,Uczenie
zły,debet,18,brak,nowy samochód,18166.4,brak,bezrobotny,15- 25,K,k,>8 lat,nieruchomość,36,brak,własne,jeden,specjalista/samozatr.,Uczenie
dobry,debet,15,spłacone,rehabilitacja,3256.4,140-700,1 do 5 lat,25-35,MS,m,>8 lat,polisa,25,inny bank,wynajem,jeden,wykfalifikowany,Uczenie
zły,debet,36,bez problemów,inny,11320.4,<140,Ponad 8,25-35,MS,m,>8 lat,polisa,40,sklep,wynajem,7 i więcej,specjalista/samozatr.,Test
zły,brak,12,spłacone,inny,967.4,brak,Ponad 8,< 15,MS,m,5-8 lat,samochód,33,brak,wynajem,2- 4,wykfalifikowany,Uczenie
zły,<= $300,10,brak,inny,1736,<140,Ponad 8,> 35,K,k,>8 lat,nieruchomość,46,brak,własne,jeden,niewykfalifikowany stała praca,Uczenie
zły,brak,12,brak,meble,1017.8,<140,do roku,< 15,MŻW,m,5-8 lat,nieruchomość,31,brak,wynajem,jeden,niewykfalifikowany stała praca,Uczenie
dobry,>$300,12,brak,inny,4937.8,>1400,do roku,25-35,MS,m,5-8 lat,samochód,43,brak,wynajem,jeden,specjalista/samozatr.,Uczenie
zły,brak,24,brak,używany samochód,4527.6,brak,do roku,< 15,K,k,>8 lat,brak,21,brak,inne,jeden,niewykfalifikowany stała praca,Uczenie
dobry,>$300,36,brak,rehabilitacja,10372.6,>1400,Ponad 8,15- 25,MS,m,1-5 lat,samochód,35,brak,wynajem,2- 4,wykfalifikowany,Test
dobry,<= $300,12,brak,meble,4222.4,brak,1 do 5 lat,15- 25,MŻW,m,Do roku,polisa,22,brak,wynajem,jeden,wykfalifikowany,Uczenie
dobry,>$300,10,brak,nowy samochód,3987.2,<140,1 do 5 lat,> 35,MS,m,1-5 lat,brak,30,brak,wynajem,jeden,wykfalifikowany,Uczenie
zły,brak,24,brak,meble,2552.2,brak,bezrobotny,< 15,MS,m,1-5 lat,polisa,28,sklep,wynajem,jeden,specjalista/samozatr.,Test
dobry,brak,18,brak,używany samochód,3722.6,700-1400,1 do 5 lat,< 15,MS,m,1-5 lat,polisa,26,brak,wynajem,jeden,wykfalifikowany,Test
zły,brak,24,opóźnienia,używany samochód,5754,brak,Ponad 8,15- 25,MS,m,>8 lat,nieruchomość,21,inny bank,inne,2- 4,wykfalifikowany,Uczenie
dobry,>$300,4,spłacone,inny,2037,brak,5 do 8 lat,25-35,MS,m,Do roku,brak,40,brak,wynajem,5- 6,niewykfalifikowany stała praca,Uczenie
zły,brak,24,inny bank,meble,2164.4,brak,5 do 8 lat,< 15,MS,m,>8 lat,polisa,22,inny bank,inne,jeden,niewykfalifikowany stała praca,Uczenie
dobry,>$300,36,brak,nowy samochód,11386.2,brak,1 do 5 lat,> 35,K,k,1-5 lat,samochód,28,inny bank,wynajem,jeden,wykfalifikowany,Uczenie
dobry,>$300,18,spłacone,meble,1608.6,700-1400,1 do 5 lat,< 15,MS,m,5-8 lat,brak,44,brak,wynajem,2- 4,wykfalifikowany,Test
dobry,brak,12,inny bank,wakacje,474.6,brak,Ponad 8,< 15,MŻW,m,Do roku,polisa,43,inny bank,wynajem,jeden,niewykfalifikowany stała praca,Test
dobry,brak,18,brak,meble,2710.4,>1400,5 do 8 lat,25-35,MŻW,m,>8 lat,polisa,21,brak,inne,2- 4,niewykfalifikowany stała praca,Test
dobry,brak,24,spłacone,nowy samochód,4139.8,brak,Ponad 8,< 15,MS,m,>8 lat,samochód,61,brak,wynajem,2- 4,wykfalifikowany,Uczenie
dobry,brak,15,brak,rehabilitacja,1128.4,brak,1 do 5 lat,< 15,K,k,>8 lat,samochód,20,brak,wynajem,jeden,niewykfalifikowany stała praca,Test
dobry,>$300,30,spłacone,meble,6342,brak,5 do 8 lat,< 15,K,k,>8 lat,polisa,24,brak,inne,jeden,specjalista/samozatr.,Uczenie
dobry,debet,11,bez problemów,meble,6679.4,brak,5 do 8 lat,25-35,MS,m,>8 lat,samochód,49,brak,wynajem,jeden,wykfalifikowany,Uczenie
dobry,>$300,12,brak,meble,3039.4,brak,do roku,25-35,K,k,1-5 lat,polisa,27,inny bank,wynajem,jeden,wykfalifikowany,Uczenie
zły,brak,18,spłacone,używany samochód,2973.6,brak,1 do 5 lat,< 15,K,k,>8 lat,brak,22,brak,inne,2- 4,wykfalifikowany,Uczenie
dobry,>$300,36,brak,meble,5033,brak,Ponad 8,< 15,MS,m,1-5 lat,polisa,26,brak,wynajem,jeden,wykfalifikowany,Uczenie
dobry,brak,6,brak,inny,926.8,brak,do roku,15- 25,MS,m,>8 lat,brak,39,brak,wynajem,jeden,niewykfalifikowany stała praca,Uczenie
dobry,>$300,18,spłacone,meble,1537.2,brak,bezrobotny,< 15,K,k,>8 lat,polisa,63,brak,wynajem,2- 4,niewykfalifikowany bez stałej pracy,Uczenie
dobry,brak,12,spłacone,inny,2969.4,brak,1 do 5 lat,< 15,MS,m,1-5 lat,samochód,28,brak,wynajem,2- 4,wykfalifikowany,Test
dobry,>$300,12,brak,nowy samochód,3423,>1400,do roku,25-35,MŻW,m,>8 lat,polisa,24,brak,inne,jeden,wykfalifikowany,Test
zły,debet,36,brak,remont,17656.8,<140,1 do 5 lat,> 35,MS,m,>8 lat,nieruchomość,45,brak,własne,jeden,wykfalifikowany,Test
dobry,>$300,36,spłacone,rehabilitacja,8825.6,>1400,Ponad 8,< 15,MS,m,>8 lat,brak,34,brak,wynajem,2- 4,wykfalifikowany,Test
dobry,brak,30,brak,używany samochód,5070.8,700-1400,Ponad 8,< 15,K,k,>8 lat,samochód,55,brak,inne,2- 4,wykfalifikowany,Uczenie
dobry,debet,30,inny bank,używany samochód,4894.4,700-1400,1 do 5 lat,< 15,MS,m,1-5 lat,polisa,32,sklep,wynajem,jeden,wykfalifikowany,Test
zły,debet,36,opóźnienia,meble,5325.6,brak,1 do 5 lat,< 15,K,k,Do roku,polisa,40,brak,wynajem,jeden,wykfalifikowany,Uczenie
dobry,>$300,12,spłacone,meble,1366.4,>1400,Ponad 8,< 15,MS,m,>8 lat,polisa,33,brak,wynajem,2- 4,wykfalifikowany,Uczenie
dobry,brak,36,brak,używany samochód,5068,brak,1 do 5 lat,> 35,MS,m,1-5 lat,samochód,35,brak,wynajem,jeden,wykfalifikowany,Test
dobry,>$300,60,brak,inny,9137.8,>1400,1 do 5 lat,< 15,MS,m,>8 lat,nieruchomość,32,brak,własne,jeden,wykfalifikowany,Uczenie
zły,debet,60,inny bank,business,20694.8,<140,Ponad 8,15- 25,K,k,>8 lat,nieruchomość,58,inny bank,własne,2- 4,specjalista/samozatr.,Test
dobry,debet,18,bez problemów,rehabilitacja,3397.8,>1400,Ponad 8,< 15,MS,m,1-5 lat,samochód,40,brak,wynajem,2- 4,wykfalifikowany,Uczenie
dobry,>$300,22,brak,inny,1796.2,>1400,5 do 8 lat,< 15,K,k,>8 lat,samochód,23,brak,inne,jeden,wykfalifikowany,Test
dobry,brak,6,brak,RTV,480.2,brak,do roku,< 15,K,k,Do roku,brak,25,brak,wynajem,jeden,wykfalifikowany,Uczenie
dobry,debet,16,spłacone,inny,1645,brak,bezrobotny,25-35,MS,m,5-8 lat,polisa,66,brak,własne,5- 6,niewykfalifikowany bez stałej pracy,Uczenie
dobry,brak,27,spłacone,rehabilitacja,3418.8,brak,Ponad 8,< 15,MS,m,>8 lat,polisa,41,sklep,wynajem,7 i więcej,specjalista/samozatr.,Test
dobry,debet,15,brak,AGD,1831.2,brak,Ponad 8,< 15,MS,m,>8 lat,polisa,36,brak,wynajem,2- 4,niewykfalifikowany stała praca,Test
zły,debet,9,brak,używany samochód,1342.6,brak,1 do 5 lat,> 35,K,k,1-5 lat,polisa,27,inny bank,wynajem,jeden,wykfalifikowany,Uczenie
zły,debet,48,opóźnienia,rehabilitacja,5381.6,<140,5 do 8 lat,< 15,MS,m,>8 lat,nieruchomość,32,brak,własne,jeden,niewykfalifikowany stała praca,Test
dobry,>$300,24,spłacone,meble,2591.4,brak,5 do 8 lat,< 15,MŻW,m,1-5 lat,polisa,31,brak,wynajem,2- 4,wykfalifikowany,Uczenie
zły,debet,27,brak,rehabilitacja,5481,brak,1 do 5 lat,< 15,MS,m,1-5 lat,polisa,34,brak,wynajem,jeden,wykfalifikowany,Uczenie
zły,brak,12,brak,wakacje,1262.8,brak,5 do 8 lat,< 15,MŻW,m,>8 lat,samochód,19,brak,inne,jeden,wykfalifikowany,Uczenie
dobry,>$300,36,brak,nowy samochód,6560.4,brak,1 do 5 lat,25-35,MS,m,1-5 lat,nieruchomość,30,brak,własne,jeden,specjalista/samozatr.,Uczenie
dobry,>$300,15,brak,nowy samochód,6519.8,brak,1 do 5 lat,15- 25,MS,m,1-5 lat,polisa,28,brak,wynajem,jeden,wykfalifikowany,Uczenie
zły,debet,27,opóźnienia,rehabilitacja,11645.2,brak,Ponad 8,25-35,K,k,>8 lat,nieruchomość,40,sklep,własne,2- 4,specjalista/samozatr.,Uczenie
dobry,>$300,27,spłacone,używany samochód,6336.4,700-1400,do roku,< 15,MS,m,1-5 lat,brak,30,sklep,wynajem,2- 4,niewykfalifikowany stała praca,Test
zły,brak,48,brak,inny,5503.4,brak,5 do 8 lat,< 15,MS,m,>8 lat,nieruchomość,44,brak,własne,jeden,wykfalifikowany,Uczenie
dobry,debet,24,bez problemów,meble,2174.2,<140,5 do 8 lat,15- 25,K,k,1-5 lat,samochód,21,brak,inne,2- 4,wykfalifikowany,Uczenie
dobry,debet,9,brak,inny,4473,>1400,1 do 5 lat,> 35,K,k,1-5 lat,brak,31,brak,wynajem,jeden,niewykfalifikowany stała praca,Uczenie
dobry,<= $300,36,brak,meble,6262.2,brak,Ponad 8,< 15,MS,m,1-5 lat,polisa,29,brak,wynajem,jeden,wykfalifikowany,Test
zły,debet,9,inny bank,inny,2011.8,<140,5 do 8 lat,25-35,MS,m,5-8 lat,nieruchomość,27,brak,wynajem,jeden,wykfalifikowany,Uczenie
dobry,brak,30,spłacone,nowy samochód,8661.8,<140,5 do 8 lat,> 35,MŻW,m,>8 lat,polisa,22,brak,inne,2- 4,wykfalifikowany,Uczenie
dobry,>$300,24,brak,inny,2056.6,<140,Ponad 8,< 15,MŻW,m,>8 lat,brak,39,brak,inne,jeden,niewykfalifikowany stała praca,Uczenie
dobry,debet,20,brak,nowy samochód,9055.2,>1400,bezrobotny,> 35,MR,m,>8 lat,brak,58,brak,wynajem,jeden,specjalista/samozatr.,Uczenie
dobry,brak,6,spłacone,meble,473.2,140-700,Ponad 8,< 15,MS,m,>8 lat,polisa,50,brak,wynajem,2- 4,wykfalifikowany,Test
zły,debet,30,opóźnienia,rehabilitacja,5992,<140,1 do 5 lat,< 15,K,k,>8 lat,polisa,24,brak,inne,2- 4,niewykfalifikowany stała praca,Uczenie
dobry,>$300,24,brak,używany samochód,3969,140-700,Ponad 8,15- 25,MS,m,>8 lat,samochód,51,brak,wynajem,jeden,wykfalifikowany,Test
dobry,brak,48,brak,remont,10466.4,brak,5 do 8 lat,< 15,MS,m,Do roku,nieruchomość,48,brak,własne,jeden,specjalista/samozatr.,Test
zły,brak,18,brak,meble,3640,brak,1 do 5 lat,< 15,MS,m,>8 lat,nieruchomość,63,brak,własne,2- 4,wykfalifikowany,Uczenie
dobry,brak,18,inny bank,meble,2716,brak,do roku,15- 25,MS,m,>8 lat,nieruchomość,34,inny bank,własne,jeden,specjalista/samozatr.,Uczenie
dobry,>$300,6,spłacone,meble,2436,brak,Ponad 8,25-35,MŻW,m,1-5 lat,brak,28,brak,inne,2- 4,wykfalifikowany,Test
dobry,>$300,12,brak,meble,2748.2,brak,5 do 8 lat,< 15,MS,m,1-5 lat,polisa,29,brak,inne,2- 4,specjalista/samozatr.,Test
dobry,<= $300,12,spłacone,inny,2072,140-700,bezrobotny,25-35,MS,m,>8 lat,nieruchomość,64,inny bank,własne,5- 6,niewykfalifikowany bez stałej pracy,Uczenie
zły,>$300,24,brak,meble,5069.4,<140,Ponad 8,25-35,MS,m,>8 lat,polisa,29,brak,wynajem,2- 4,wykfalifikowany,Test
dobry,brak,36,brak,inny,4548.6,brak,5 do 8 lat,25-35,MS,m,>8 lat,nieruchomość,37,inny bank,własne,jeden,specjalista/samozatr.,Test
dobry,>$300,12,brak,meble,2902.2,<140,1 do 5 lat,< 15,K,k,1-5 lat,brak,26,brak,wynajem,jeden,wykfalifikowany,Uczenie
dobry,>$300,18,spłacone,używany samochód,2543.8,brak,1 do 5 lat,< 15,K,k,1-5 lat,nieruchomość,26,brak,wynajem,2- 4,wykfalifikowany,Uczenie
dobry,>$300,18,brak,inny,3726.8,>1400,5 do 8 lat,< 15,MS,m,5-8 lat,samochód,30,brak,wynajem,jeden,wykfalifikowany,Test
dobry,<= $300,4,brak,inny,2091.6,>1400,do roku,> 35,MS,m,1-5 lat,brak,27,brak,wynajem,jeden,niewykfalifikowany stała praca,Uczenie
dobry,brak,24,brak,nowy samochód,3936.8,>1400,Ponad 8,25-35,K,k,>8 lat,brak,24,brak,inne,jeden,wykfalifikowany,Uczenie
dobry,>$300,12,spłacone,używany samochód,2228.8,700-1400,5 do 8 lat,15- 25,K,k,1-5 lat,samochód,33,brak,wynajem,jeden,wykfalifikowany,Test
zły,brak,18,opóźnienia,używany samochód,4359.6,brak,do roku,> 35,K,k,>8 lat,samochód,24,brak,inne,jeden,wykfalifikowany,Uczenie
dobry,brak,6,brak,używany samochód,599.2,brak,Ponad 8,25-35,K,k,Do roku,samochód,47,inny bank,wynajem,jeden,wykfalifikowany,Uczenie
dobry,>$300,60,bez problemów,meble,21914.2,brak,5 do 8 lat,25-35,MS,m,>8 lat,polisa,19,brak,wynajem,2- 4,wykfalifikowany,Uczenie
dobry,>$300,24,brak,meble,4529,140-700,Ponad 8,15- 25,MR,m,1-5 lat,polisa,34,brak,wynajem,jeden,specjalista/samozatr.,Uczenie
dobry,>$300,42,spłacone,używany samochód,5657.4,140-700,1 do 5 lat,< 15,MS,m,>8 lat,brak,34,brak,wynajem,2- 4,wykfalifikowany,Uczenie
dobry,>$300,6,opóźnienia,meble,596.4,brak,Ponad 8,< 15,MŻW,m,>8 lat,polisa,37,brak,wynajem,jeden,niewykfalifikowany stała praca,Uczenie
zły,brak,24,brak,używany samochód,4194.4,>1400,1 do 5 lat,25-35,MŻW,m,>8 lat,polisa,18,brak,wynajem,jeden,wykfalifikowany,Test
dobry,>$300,15,brak,używany samochód,3791.2,brak,do roku,25-35,MS,m,5-8 lat,samochód,25,inny bank,wynajem,2- 4,niewykfalifikowany stała praca,Test
dobry,debet,10,inny bank,meble,1467.2,brak,1 do 5 lat,< 15,MS,m,>8 lat,brak,21,sklep,wynajem,jeden,niewykfalifikowany stała praca,Test
zły,brak,24,inny bank,używany samochód,4972.8,brak,5 do 8 lat,15- 25,MS,m,>8 lat,polisa,25,inny bank,wynajem,jeden,wykfalifikowany,Uczenie
dobry,>$300,24,bez problemów,rehabilitacja,4169.2,>1400,1 do 5 lat,< 15,MS,m,>8 lat,brak,30,brak,wynajem,2- 4,wykfalifikowany,Uczenie
zły,debet,24,spłacone,używany samochód,6630.4,brak,do roku,25-35,K,k,>8 lat,polisa,23,inny bank,wynajem,jeden,niewykfalifikowany stała praca,Uczenie
zły,brak,36,brak,używany samochód,3796.8,brak,Ponad 8,25-35,MS,m,1-5 lat,samochód,39,inny bank,wynajem,jeden,wykfalifikowany,Test
dobry,debet,36,brak,nowy samochód,9727.2,brak,1 do 5 lat,25-35,MS,m,1-5 lat,polisa,33,brak,inne,jeden,specjalista/samozatr.,Uczenie
dobry,>$300,15,spłacone,meble,1904,brak,1 do 5 lat,< 15,MS,m,1-5 lat,samochód,29,brak,wynajem,2- 4,wykfalifikowany,Test
dobry,>$300,9,spłacone,używany samochód,3368.4,brak,bezrobotny,25-35,MS,m,5-8 lat,polisa,29,brak,wynajem,jeden,specjalista/samozatr.,Test
dobry,>$300,15,bez problemów,nowy samochód,5031.6,brak,do roku,> 35,K,k,1-5 lat,samochód,44,brak,wynajem,2- 4,niewykfalifikowany stała praca,Uczenie
zły,debet,36,brak,meble,3739.4,<140,1 do 5 lat,< 15,K,k,>8 lat,nieruchomość,48,brak,własne,jeden,wykfalifikowany,Test
dobry,brak,11,spłacone,inny,5467,brak,1 do 5 lat,25-35,MS,m,1-5 lat,brak,34,brak,inne,2- 4,wykfalifikowany,Uczenie
zły,brak,24,inny bank,inny,1670.2,brak,bezrobotny,> 35,K,k,>8 lat,nieruchomość,27,brak,inne,2- 4,niewykfalifikowany bez stałej pracy,Uczenie
dobry,>$300,9,brak,rehabilitacja,2028.6,brak,5 do 8 lat,15- 25,K,k,1-5 lat,polisa,25,brak,wynajem,2- 4,wykfalifikowany,Uczenie
zły,brak,18,brak,meble,2634.8,brak,1 do 5 lat,< 15,K,k,>8 lat,polisa,23,inny bank,inne,2- 4,wykfalifikowany,Uczenie
zły,>$300,9,brak,używany samochód,2772,brak,do roku,25-35,K,k,1-5 lat,polisa,18,brak,inne,2- 4,wykfalifikowany,Test
dobry,<= $300,6,bez problemów,meble,956.2,brak,do roku,25-35,K,k,Do roku,samochód,27,inny bank,wynajem,jeden,wykfalifikowany,Uczenie
dobry,brak,24,inny bank,używany samochód,3476.2,140-700,1 do 5 lat,< 15,MS,m,>8 lat,brak,20,sklep,wynajem,jeden,wykfalifikowany,Uczenie
dobry,brak,18,brak,używany samochód,5110,brak,do roku,> 35,K,k,>8 lat,polisa,20,brak,inne,jeden,wykfalifikowany,Uczenie
dobry,brak,21,brak,inny,5268.2,>1400,5 do 8 lat,25-35,MS,m,1-5 lat,brak,22,brak,wynajem,jeden,niewykfalifikowany stała praca,Test
dobry,<= $300,12,brak,inny,1862,brak,do roku,< 15,MS,m,Do roku,brak,24,brak,wynajem,jeden,wykfalifikowany,Uczenie
zły,>$300,36,bez problemów,rehabilitacja,11172,>1400,do roku,< 15,MS,m,>8 lat,polisa,25,brak,inne,2- 4,wykfalifikowany,Uczenie
dobry,>$300,12,spłacone,remont,981.4,brak,1 do 5 lat,< 15,MS,m,1-5 lat,polisa,30,brak,wynajem,2- 4,wykfalifikowany,Uczenie
zły,>$300,24,bez problemów,inny,3553.2,brak,Ponad 8,< 15,MS,m,>8 lat,polisa,45,brak,wynajem,2- 4,niewykfalifikowany stała praca,Uczenie
dobry,debet,12,spłacone,inny,3312.4,140-700,5 do 8 lat,15- 25,MR,m,5-8 lat,polisa,34,brak,wynajem,jeden,specjalista/samozatr.,Uczenie
dobry,>$300,24,spłacone,meble,4020.8,<140,Ponad 8,15- 25,MS,m,>8 lat,brak,34,brak,wynajem,jeden,wykfalifikowany,Uczenie
zły,brak,12,brak,nowy samochód,4740.4,brak,Ponad 8,15- 25,MS,m,>8 lat,nieruchomość,33,brak,własne,jeden,wykfalifikowany,Uczenie
zły,debet,6,inny bank,inny,1303.4,<140,do roku,> 35,K,k,Do roku,samochód,30,sklep,wynajem,jeden,niewykfalifikowany stała praca,Uczenie
dobry,debet,20,bez problemów,business,3680.6,brak,1 do 5 lat,25-35,MS,m,5-8 lat,polisa,27,inny bank,wynajem,2- 4,wykfalifikowany,Test
zły,brak,18,brak,meble,4466,brak,1 do 5 lat,25-35,K,k,1-5 lat,brak,22,brak,wynajem,jeden,wykfalifikowany,Uczenie
dobry,debet,18,brak,remont,1734.6,>1400,1 do 5 lat,< 15,MS,m,>8 lat,nieruchomość,59,brak,własne,jeden,wykfalifikowany,Uczenie
zły,brak,48,brak,rehabilitacja,6031.2,brak,do roku,15- 25,K,k,>8 lat,samochód,22,brak,inne,jeden,wykfalifikowany,Uczenie
dobry,<= $300,42,spłacone,nowy samochód,6714.4,brak,Ponad 8,< 15,MS,m,>8 lat,nieruchomość,54,brak,własne,jeden,wykfalifikowany,Uczenie
dobry,>$300,9,brak,używany samochód,3221.4,<140,do roku,25-35,K,k,>8 lat,samochód,20,brak,inne,jeden,wykfalifikowany,Uczenie
zły,brak,60,brak,rehabilitacja,10215.8,brak,Ponad 8,< 15,MS,m,>8 lat,nieruchomość,34,brak,inne,jeden,wykfalifikowany,Uczenie
dobry,brak,8,spłacone,inny,998.2,brak,Ponad 8,< 15,MS,m,>8 lat,brak,45,brak,wynajem,2- 4,niewykfalifikowany stała praca,Test
dobry,>$300,12,inny bank,wakacje,4825.8,140-700,1 do 5 lat,< 15,K,k,5-8 lat,brak,33,brak,wynajem,jeden,niewykfalifikowany stała praca,Uczenie
dobry,brak,24,brak,meble,3337.6,brak,Ponad 8,< 15,MS,m,>8 lat,brak,62,inny bank,inne,jeden,niewykfalifikowany stała praca,Uczenie
dobry,brak,20,spłacone,używany samochód,5980.8,brak,Ponad 8,> 35,K,k,>8 lat,samochód,22,brak,wynajem,2- 4,wykfalifikowany,Uczenie
dobry,brak,12,brak,inny,5111.4,700-1400,1 do 5 lat,> 35,MS,m,5-8 lat,samochód,29,brak,wynajem,jeden,wykfalifikowany,Uczenie
dobry,<= $300,18,brak,używany samochód,4268.6,brak,do roku,> 35,K,k,Do roku,samochód,43,sklep,wynajem,jeden,niewykfalifikowany stała praca,Uczenie
dobry,debet,18,spłacone,rehabilitacja,2641.8,>1400,1 do 5 lat,< 15,MŻW,m,>8 lat,brak,26,inny bank,wynajem,2- 4,wykfalifikowany,Test
dobry,>$300,15,spłacone,używany samochód,3903.2,brak,5 do 8 lat,25-35,K,k,5-8 lat,polisa,22,inny bank,wynajem,2- 4,wykfalifikowany,Uczenie
dobry,>$300,11,spłacone,meble,1615.6,<140,bezrobotny,< 15,K,k,>8 lat,brak,55,brak,wynajem,5- 6,niewykfalifikowany stała praca,Uczenie
dobry,debet,9,brak,remont,1678.6,brak,5 do 8 lat,< 15,K,k,>8 lat,samochód,65,brak,wynajem,2- 4,specjalista/samozatr.,Test
dobry,>$300,24,brak,meble,4802,140-700,Ponad 8,15- 25,MS,m,1-5 lat,polisa,29,brak,wynajem,jeden,wykfalifikowany,Uczenie
dobry,>$300,12,spłacone,meble,2317,brak,Ponad 8,25-35,MS,m,>8 lat,brak,61,brak,wynajem,2- 4,niewykfalifikowany stała praca,Test
zły,debet,18,bez problemów,używany samochód,6015.8,brak,Ponad 8,< 15,MR,m,5-8 lat,nieruchomość,38,brak,wynajem,jeden,specjalista/samozatr.,Test
dobry,debet,60,bez problemów,meble,10385.2,>1400,1 do 5 lat,> 35,MS,m,Do roku,brak,25,brak,wynajem,jeden,niewykfalifikowany stała praca,Uczenie
dobry,>$300,18,brak,meble,6431.6,brak,do roku,15- 25,MS,m,1-5 lat,polisa,30,brak,wynajem,jeden,wykfalifikowany,Uczenie
dobry,>$300,10,spłacone,inny,1723.4,brak,Ponad 8,15- 25,MS,m,>8 lat,brak,30,brak,wynajem,2- 4,niewykfalifikowany stała praca,Test
dobry,brak,15,brak,inny,1964.2,brak,1 do 5 lat,25-35,K,k,>8 lat,polisa,26,brak,inne,jeden,wykfalifikowany,Uczenie
dobry,brak,6,spłacone,używany samochód,2620.8,brak,bezrobotny,< 15,MS,m,>8 lat,nieruchomość,34,brak,własne,5- 6,specjalista/samozatr.,Uczenie
zły,debet,6,brak,inny,20377,>1400,bezrobotny,> 35,MS,m,1-5 lat,samochód,21,brak,wynajem,jeden,niewykfalifikowany bez stałej pracy,Uczenie
zły,brak,12,inny bank,meble,3008.6,brak,1 do 5 lat,< 15,MR,m,Do roku,nieruchomość,27,brak,własne,jeden,wykfalifikowany,Uczenie
dobry,>$300,28,inny bank,nowy samochód,10953.6,>1400,do roku,15- 25,MS,m,>8 lat,brak,38,inny bank,inne,2- 4,wykfalifikowany,Uczenie
zły,brak,24,brak,meble,2713.2,brak,do roku,< 15,MR,m,5-8 lat,samochód,30,brak,wynajem,jeden,wykfalifikowany,Uczenie
dobry,brak,12,brak,inny,1635.2,brak,1 do 5 lat,< 15,MŻW,m,5-8 lat,brak,25,brak,wynajem,jeden,niewykfalifikowany stała praca,Uczenie
zły,brak,48,brak,nowy samochód,14415.8,brak,5 do 8 lat,< 15,MS,m,>8 lat,nieruchomość,37,brak,własne,5- 6,wykfalifikowany,Uczenie
dobry,>$300,15,inny bank,meble,2196.6,<140,Ponad 8,< 15,MS,m,>8 lat,polisa,32,inny bank,wynajem,jeden,niewykfalifikowany stała praca,Test
dobry,>$300,12,spłacone,inny,954.8,<140,5 do 8 lat,< 15,K,k,5-8 lat,polisa,49,brak,wynajem,2- 4,wykfalifikowany,Uczenie
dobry,>$300,12,opóźnienia,używany samochód,3862.6,brak,Ponad 8,25-35,MS,m,>8 lat,samochód,32,brak,wynajem,2- 4,wykfalifikowany,Uczenie
zły,debet,30,brak,inny,3010,brak,1 do 5 lat,< 15,K,k,1-5 lat,nieruchomość,22,inny bank,wynajem,jeden,wykfalifikowany,Test
dobry,debet,24,spłacone,rehabilitacja,3955,>1400,5 do 8 lat,< 15,MS,m,5-8 lat,nieruchomość,32,brak,wynajem,2- 4,wykfalifikowany,Uczenie
zły,debet,12,brak,meble,1072.4,140-700,1 do 5 lat,< 15,MS,m,5-8 lat,brak,64,brak,wynajem,jeden,niewykfalifikowany stała praca,Uczenie
dobry,brak,12,spłacone,inny,3039.4,brak,1 do 5 lat,< 15,MS,m,>8 lat,samochód,36,inny bank,wynajem,2- 4,niewykfalifikowany stała praca,Test
dobry,brak,18,brak,inny,6132,<140,1 do 5 lat,15- 25,MS,m,>8 lat,polisa,33,brak,wynajem,jeden,niewykfalifikowany stała praca,Uczenie
zły,brak,48,brak,RTV,4271.4,brak,1 do 5 lat,15- 25,MS,m,>8 lat,polisa,52,brak,wynajem,jeden,wykfalifikowany,Uczenie
dobry,>$300,18,brak,używany samochód,2777.6,brak,1 do 5 lat,< 15,MS,m,>8 lat,nieruchomość,45,inny bank,własne,2- 4,wykfalifikowany,Uczenie
dobry,>$300,18,brak,rehabilitacja,2730,brak,5 do 8 lat,< 15,MS,m,Do roku,polisa,32,sklep,wynajem,2- 4,wykfalifikowany,Uczenie
dobry,>$300,12,spłacone,remont,2934.4,brak,5 do 8 lat,25-35,MS,m,5-8 lat,brak,47,brak,wynajem,jeden,niewykfalifikowany stała praca,Uczenie
dobry,debet,24,brak,inny,4916.8,<140,5 do 8 lat,25-35,MS,m,5-8 lat,polisa,36,inny bank,wynajem,2- 4,wykfalifikowany,Uczenie
dobry,brak,12,brak,remont,1680,>1400,1 do 5 lat,< 15,K,k,>8 lat,samochód,21,inny bank,inne,jeden,wykfalifikowany,Uczenie
dobry,debet,36,inny bank,RTV,5586,>1400,do roku,15- 25,K,k,1-5 lat,nieruchomość,27,inny bank,wynajem,jeden,niewykfalifikowany bez stałej pracy,Uczenie
dobry,debet,36,spłacone,nowy samochód,8120,brak,1 do 5 lat,15- 25,MS,m,>8 lat,polisa,32,brak,wynajem,2- 4,wykfalifikowany,Test
zły,brak,48,brak,meble,9461.2,brak,1 do 5 lat,15- 25,K,k,1-5 lat,polisa,29,brak,wynajem,jeden,wykfalifikowany,Test
zły,debet,48,brak,inny,9184,<140,5 do 8 lat,15- 25,MS,m,1-5 lat,samochód,22,brak,wynajem,jeden,wykfalifikowany,Test
dobry,>$300,36,brak,meble,5369,>1400,Ponad 8,25-35,K,k,>8 lat,brak,43,brak,wynajem,jeden,niewykfalifikowany stała praca,Uczenie
dobry,debet,12,brak,inny,2802.8,brak,5 do 8 lat,15- 25,MS,m,>8 lat,samochód,28,brak,inne,jeden,wykfalifikowany,Uczenie
dobry,>$300,12,spłacone,meble,865.2,brak,Ponad 8,< 15,MS,m,>8 lat,brak,54,brak,wynajem,jeden,wykfalifikowany,Uczenie
zły,brak,24,bez problemów,inny,1866.2,brak,bezrobotny,< 15,MS,m,1-5 lat,brak,41,brak,własne,2- 4,wykfalifikowany,Uczenie
dobry,>$300,12,spłacone,inny,1757,brak,Ponad 8,< 15,MS,m,>8 lat,brak,59,brak,wynajem,2- 4,niewykfalifikowany stała praca,Test
dobry,>$300,21,brak,używany samochód,3137.4,brak,Ponad 8,< 15,MS,m,1-5 lat,brak,48,brak,wynajem,2- 4,wykfalifikowany,Uczenie
dobry,>$300,36,brak,inny,1272.6,140-700,Ponad 8,< 15,MS,m,>8 lat,samochód,34,brak,wynajem,jeden,wykfalifikowany,Test
dobry,>$300,12,brak,inny,3346,>1400,Ponad 8,< 15,MS,m,5-8 lat,polisa,48,brak,wynajem,jeden,wykfalifikowany,Uczenie
zły,debet,36,brak,nowy samochód,13157.2,brak,do roku,> 35,MŻW,m,>8 lat,polisa,26,brak,inne,jeden,specjalista/samozatr.,Uczenie
dobry,>$300,24,spłacone,nowy samochód,5415.2,brak,Ponad 8,< 15,K,k,1-5 lat,polisa,39,brak,inne,2- 4,specjalista/samozatr.,Uczenie
dobry,>$300,30,spłacone,meble,8335.6,brak,5 do 8 lat,15- 25,MS,m,1-5 lat,polisa,36,brak,wynajem,jeden,wykfalifikowany,Test
dobry,>$300,24,spłacone,meble,3609.2,700-1400,Ponad 8,25-35,MS,m,1-5 lat,polisa,32,brak,wynajem,jeden,wykfalifikowany,Uczenie
zły,debet,24,spłacone,business,16713.2,brak,1 do 5 lat,25-35,MS,m,5-8 lat,polisa,37,brak,wynajem,2- 4,specjalista/samozatr.,Uczenie
dobry,>$300,6,spłacone,inny,506.8,<140,1 do 5 lat,< 15,K,k,>8 lat,polisa,50,brak,wynajem,2- 4,niewykfalifikowany stała praca,Uczenie
zły,>$300,18,opóźnienia,rehabilitacja,5831,brak,1 do 5 lat,25-35,MS,m,1-5 lat,polisa,34,sklep,wynajem,2- 4,wykfalifikowany,Uczenie
zły,brak,48,inny bank,rehabilitacja,10759,brak,5 do 8 lat,25-35,K,k,>8 lat,polisa,35,brak,inne,jeden,wykfalifikowany,Uczenie
dobry,>$300,24,spłacone,business,8839.6,brak,bezrobotny,< 15,MS,m,1-5 lat,nieruchomość,25,inny bank,wynajem,2- 4,specjalista/samozatr.,Uczenie
dobry,brak,24,brak,meble,5124,brak,1 do 5 lat,25-35,K,k,>8 lat,polisa,26,brak,wynajem,jeden,wykfalifikowany,Test
dobry,>$300,33,bez problemów,rehabilitacja,3869.6,brak,1 do 5 lat,25-35,K,k,1-5 lat,polisa,24,brak,wynajem,2- 4,wykfalifikowany,Uczenie
dobry,>$300,18,spłacone,nowy samochód,5390,brak,5 do 8 lat,15- 25,MS,m,Do roku,polisa,25,brak,wynajem,2- 4,wykfalifikowany,Test
zły,>$300,36,bez problemów,rehabilitacja,13400.8,brak,do roku,> 35,MR,m,Do roku,polisa,26,brak,wynajem,2- 4,wykfalifikowany,Test
dobry,>$300,4,spłacone,meble,2104.2,brak,5 do 8 lat,25-35,MS,m,Do roku,brak,40,brak,wynajem,2- 4,niewykfalifikowany stała praca,Uczenie
dobry,>$300,12,brak,inny,4002.6,>1400,bezrobotny,< 15,MS,m,>8 lat,nieruchomość,36,brak,wynajem,jeden,specjalista/samozatr.,Test
zły,brak,36,inny bank,używany samochód,3844.4,brak,Ponad 8,< 15,MS,m,>8 lat,polisa,29,inny bank,wynajem,jeden,wykfalifikowany,Uczenie
dobry,brak,12,brak,używany samochód,991.2,brak,1 do 5 lat,25-35,MS,m,5-8 lat,samochód,36,brak,wynajem,jeden,niewykfalifikowany stała praca,Uczenie
dobry,>$300,12,brak,meble,4282.6,700-1400,5 do 8 lat,25-35,MR,m,>8 lat,brak,59,brak,wynajem,jeden,niewykfalifikowany stała praca,Test
zły,debet,48,brak,meble,8331.4,brak,1 do 5 lat,25-35,K,k,1-5 lat,brak,20,brak,wynajem,jeden,wykfalifikowany,Uczenie
dobry,brak,11,spłacone,inny,5514.6,brak,1 do 5 lat,> 35,MS,m,1-5 lat,brak,38,brak,wynajem,2- 4,niewykfalifikowany stała praca,Uczenie
zły,brak,28,brak,inny,5608.4,brak,1 do 5 lat,15- 25,MS,m,1-5 lat,polisa,43,brak,wynajem,jeden,niewykfalifikowany stała praca,Test
zły,>$300,12,brak,remont,1006.6,brak,Ponad 8,< 15,MS,m,>8 lat,polisa,39,inny bank,wynajem,jeden,niewykfalifikowany stała praca,Uczenie
zły,brak,36,bez problemów,remont,9641.8,brak,1 do 5 lat,< 15,MS,m,5-8 lat,samochód,27,sklep,wynajem,jeden,wykfalifikowany,Uczenie
dobry,>$300,6,spłacone,używany samochód,1709.4,>1400,1 do 5 lat,> 35,MŻW,m,1-5 lat,samochód,25,brak,wynajem,2- 4,wykfalifikowany,Uczenie
dobry,debet,36,brak,remont,3182.2,brak,5 do 8 lat,15- 25,MS,m,Do roku,polisa,30,brak,wynajem,2- 4,wykfalifikowany,Uczenie
dobry,<= $300,24,brak,meble,7212.8,brak,5 do 8 lat,< 15,MS,m,1-5 lat,polisa,23,inny bank,wynajem,jeden,wykfalifikowany,Uczenie
dobry,<= $300,6,brak,inny,992.6,700-1400,do roku,25-35,MŻW,m,1-5 lat,brak,25,brak,wynajem,jeden,niewykfalifikowany bez stałej pracy,Test
zły,debet,12,brak,meble,2147.6,brak,do roku,> 35,MŻW,m,Do roku,brak,21,brak,inne,jeden,wykfalifikowany,Uczenie
dobry,debet,36,brak,meble,6713,brak,do roku,< 15,K,k,Do roku,nieruchomość,28,brak,wynajem,jeden,specjalista/samozatr.,Uczenie
zły,debet,8,brak,używany samochód,1731.8,brak,1 do 5 lat,15- 25,K,k,>8 lat,brak,22,brak,wynajem,jeden,wykfalifikowany,Uczenie
zły,<= $300,21,spłacone,remont,3246.6,brak,do roku,25-35,MR,m,Do roku,polisa,31,brak,inne,jeden,wykfalifikowany,Test
dobry,brak,6,brak,inny,1684.2,<140,Ponad 8,15- 25,MS,m,1-5 lat,samochód,41,brak,wynajem,jeden,wykfalifikowany,Uczenie
dobry,debet,9,brak,meble,1106,140-700,1 do 5 lat,< 15,K,k,5-8 lat,brak,64,brak,wynajem,jeden,niewykfalifikowany stała praca,Uczenie
dobry,brak,24,brak,używany samochód,5628,brak,1 do 5 lat,25-35,MS,m,1-5 lat,polisa,25,sklep,wynajem,jeden,wykfalifikowany,Uczenie
dobry,brak,30,spłacone,nowy samochód,14872.2,brak,Ponad 8,15- 25,MS,m,>8 lat,nieruchomość,36,brak,własne,5- 6,specjalista/samozatr.,Test
dobry,>$300,21,spłacone,używany samochód,3203.2,brak,do roku,< 15,K,k,>8 lat,samochód,21,brak,wynajem,jeden,wykfalifikowany,Uczenie
dobry,brak,9,spłacone,meble,1593.2,brak,1 do 5 lat,< 15,MS,m,>8 lat,brak,23,brak,wynajem,2- 4,niewykfalifikowany stała praca,Uczenie
dobry,debet,7,brak,meble,3606.4,brak,1 do 5 lat,25-35,MS,m,1-5 lat,brak,33,brak,wynajem,jeden,wykfalifikowany,Uczenie
dobry,>$300,27,brak,AGD,7266,>1400,Ponad 8,< 15,MS,m,>8 lat,samochód,46,brak,wynajem,7 i więcej,wykfalifikowany,Test
dobry,>$300,6,brak,używany samochód,2472.4,brak,1 do 5 lat,> 35,MŻW,m,1-5 lat,samochód,19,brak,inne,jeden,wykfalifikowany,Test
dobry,>$300,6,spłacone,meble,980,>1400,Ponad 8,< 15,MS,m,>8 lat,nieruchomość,34,brak,własne,2- 4,wykfalifikowany,Test
dobry,brak,42,spłacone,AGD,4751.6,brak,bezrobotny,< 15,MS,m,>8 lat,polisa,63,brak,wynajem,2- 4,niewykfalifikowany bez stałej pracy,Uczenie
dobry,<= $300,10,brak,używany samochód,1785,brak,do roku,< 15,K,k,1-5 lat,samochód,21,brak,wynajem,jeden,wykfalifikowany,Test
dobry,>$300,9,spłacone,inny,1713.6,brak,1 do 5 lat,15- 25,MS,m,Do roku,brak,28,brak,wynajem,2- 4,wykfalifikowany,Uczenie
zły,debet,24,brak,nowy samochód,17610.6,brak,Ponad 8,< 15,K,k,1-5 lat,nieruchomość,42,brak,własne,jeden,specjalista/samozatr.,Test
dobry,>$300,36,spłacone,nowy samochód,7995.4,700-1400,Ponad 8,< 15,MS,m,1-5 lat,polisa,36,brak,wynajem,2- 4,specjalista/samozatr.,Test
dobry,brak,24,brak,używany samochód,4408.6,brak,do roku,< 15,MS,m,Do roku,nieruchomość,20,inny bank,własne,jeden,wykfalifikowany,Test
dobry,debet,6,brak,meble,677.6,brak,5 do 8 lat,15- 25,MŻW,m,5-8 lat,brak,26,inny bank,wynajem,jeden,niewykfalifikowany stała praca,Uczenie
dobry,>$300,6,brak,wakacje,1733.2,>1400,bezrobotny,< 15,MS,m,>8 lat,samochód,34,brak,wynajem,jeden,specjalista/samozatr.,Test
dobry,<= $300,30,spłacone,meble,5118.4,>1400,Ponad 8,< 15,MS,m,>8 lat,samochód,47,sklep,wynajem,2- 4,niewykfalifikowany stała praca,Uczenie
dobry,>$300,21,brak,rehabilitacja,2200.8,700-1400,Ponad 8,< 15,K,k,>8 lat,brak,34,inny bank,wynajem,jeden,niewykfalifikowany stała praca,Test
dobry,debet,12,brak,wakacje,1055.6,>1400,Ponad 8,< 15,MS,m,>8 lat,samochód,36,brak,wynajem,2- 4,wykfalifikowany,Uczenie
zły,brak,33,spłacone,używany samochód,5993.4,140-700,1 do 5 lat,> 35,K,k,>8 lat,polisa,21,brak,wynajem,2- 4,wykfalifikowany,Test
zły,brak,24,inny bank,rehabilitacja,4425.4,brak,1 do 5 lat,< 15,MS,m,1-5 lat,samochód,29,inny bank,inne,jeden,wykfalifikowany,Uczenie
dobry,>$300,36,spłacone,inny,9259.6,brak,Ponad 8,< 15,MS,m,>8 lat,polisa,32,brak,wynajem,2- 4,specjalista/samozatr.,Uczenie
dobry,brak,6,spłacone,inny,852.6,brak,5 do 8 lat,< 15,K,k,5-8 lat,samochód,35,brak,wynajem,2- 4,wykfalifikowany,Uczenie
dobry,>$300,6,spłacone,meble,1731.8,<140,1 do 5 lat,> 35,K,k,Do roku,samochód,25,brak,wynajem,2- 4,wykfalifikowany,Uczenie
zły,brak,12,inny bank,meble,876.4,brak,1 do 5 lat,< 15,K,k,>8 lat,brak,22,inny bank,wynajem,jeden,niewykfalifikowany stała praca,Uczenie
dobry,debet,15,brak,AGD,3683.4,<140,1 do 5 lat,15- 25,K,k,1-5 lat,brak,23,brak,wynajem,jeden,niewykfalifikowany stała praca,Uczenie
dobry,brak,6,brak,inny,1923.6,>1400,bezrobotny,< 15,K,k,5-8 lat,samochód,73,brak,wynajem,jeden,specjalista/samozatr.,Test
dobry,>$300,6,bez problemów,meble,1309,brak,1 do 5 lat,15- 25,K,k,1-5 lat,brak,22,brak,wynajem,jeden,wykfalifikowany,Test
dobry,>$300,18,brak,rehabilitacja,2195.2,<140,1 do 5 lat,15- 25,K,k,>8 lat,samochód,22,brak,inne,jeden,niewykfalifikowany stała praca,Uczenie
dobry,brak,12,brak,używany samochód,3609.2,brak,bezrobotny,15- 25,K,k,>8 lat,nieruchomość,53,brak,własne,jeden,specjalista/samozatr.,Test
zły,brak,18,brak,RTV,1703.8,brak,1 do 5 lat,< 15,MŻW,m,5-8 lat,brak,45,brak,wynajem,jeden,niewykfalifikowany stała praca,Uczenie
dobry,brak,12,bez problemów,inny,1881.6,brak,1 do 5 lat,< 15,MS,m,1-5 lat,brak,41,brak,wynajem,2- 4,niewykfalifikowany stała praca,Uczenie
zły,<= $300,18,brak,używany samochód,4009.6,brak,1 do 5 lat,25-35,MS,m,Do roku,brak,32,brak,wynajem,jeden,niewykfalifikowany stała praca,Uczenie
zły,debet,72,brak,meble,7833,<140,1 do 5 lat,25-35,MŻW,m,1-5 lat,polisa,22,brak,wynajem,jeden,wykfalifikowany,Test
dobry,debet,12,spłacone,meble,5002.2,brak,1 do 5 lat,> 35,K,k,Do roku,brak,21,brak,wynajem,jeden,niewykfalifikowany stała praca,Uczenie
dobry,>$300,24,brak,nowy samochód,8838.2,>1400,Ponad 8,15- 25,MS,m,>8 lat,polisa,39,brak,wynajem,jeden,specjalista/samozatr.,Uczenie
zły,brak,12,spłacone,inny,6780.2,brak,Ponad 8,15- 25,MS,m,>8 lat,samochód,41,brak,inne,2- 4,wykfalifikowany,Uczenie
dobry,>$300,5,brak,rehabilitacja,4827.2,brak,5 do 8 lat,> 35,MS,m,>8 lat,brak,72,brak,wynajem,jeden,niewykfalifikowany stała praca,Uczenie
dobry,>$300,9,brak,inny,5007.8,<140,1 do 5 lat,> 35,MS,m,1-5 lat,brak,24,brak,inne,jeden,wykfalifikowany,Uczenie
dobry,>$300,24,spłacone,remont,2235.8,brak,Ponad 8,< 15,MS,m,>8 lat,nieruchomość,52,brak,własne,2- 4,wykfalifikowany,Uczenie
dobry,debet,9,brak,inny,2168.6,>1400,do roku,< 15,MS,m,1-5 lat,brak,33,brak,wynajem,jeden,niewykfalifikowany bez stałej pracy,Uczenie
dobry,debet,48,inny bank,rehabilitacja,4992.4,<140,5 do 8 lat,< 15,MS,m,1-5 lat,polisa,28,brak,wynajem,jeden,wykfalifikowany,Uczenie
dobry,brak,36,spłacone,używany samochód,3287.2,brak,1 do 5 lat,15- 25,MŻW,m,1-5 lat,samochód,44,brak,wynajem,2- 4,wykfalifikowany,Uczenie
dobry,debet,60,bez problemów,meble,12819.8,>1400,1 do 5 lat,25-35,MS,m,1-5 lat,nieruchomość,25,brak,własne,jeden,specjalista/samozatr.,Uczenie
dobry,brak,39,spłacone,używany samochód,19850.6,>1400,5 do 8 lat,< 15,MS,m,>8 lat,samochód,28,brak,wynajem,2- 4,specjalista/samozatr.,Test
dobry,>$300,6,brak,meble,2951.2,brak,5 do 8 lat,25-35,MŻW,m,1-5 lat,brak,27,brak,inne,jeden,wykfalifikowany,Uczenie
dobry,>$300,24,brak,meble,4347,>1400,do roku,< 15,MS,m,1-5 lat,polisa,23,brak,wynajem,2- 4,wykfalifikowany,Uczenie
dobry,>$300,9,brak,RTV,1730.4,brak,do roku,> 35,K,k,>8 lat,brak,21,brak,inne,jeden,wykfalifikowany,Uczenie
dobry,brak,36,brak,używany samochód,5542.6,brak,bezrobotny,< 15,MS,m,5-8 lat,samochód,28,brak,wynajem,jeden,specjalista/samozatr.,Test
zły,debet,24,brak,business,15859.2,brak,1 do 5 lat,25-35,MS,m,5-8 lat,polisa,27,inny bank,wynajem,2- 4,specjalista/samozatr.,Test
dobry,>$300,15,spłacone,używany samochód,4680.2,brak,1 do 5 lat,< 15,MS,m,1-5 lat,nieruchomość,26,brak,własne,jeden,wykfalifikowany,Uczenie
dobry,debet,12,brak,meble,1544.2,brak,5 do 8 lat,< 15,MS,m,5-8 lat,brak,27,brak,wynajem,2- 4,wykfalifikowany,Uczenie
dobry,>$300,21,brak,nowy samochód,7347.2,>1400,1 do 5 lat,> 35,MS,m,5-8 lat,polisa,24,brak,wynajem,jeden,wykfalifikowany,Uczenie
dobry,brak,9,spłacone,AGD,1803.2,<140,Ponad 8,15- 25,MS,m,>8 lat,brak,46,brak,wynajem,2- 4,wykfalifikowany,Test
dobry,brak,21,spłacone,inny,2242.8,brak,Ponad 8,< 15,MŻW,m,5-8 lat,polisa,28,brak,wynajem,2- 4,wykfalifikowany,Uczenie
zły,brak,18,inny bank,używany samochód,2174.2,brak,1 do 5 lat,< 15,MS,m,5-8 lat,polisa,42,inny bank,wynajem,jeden,wykfalifikowany,Uczenie
zły,debet,15,brak,inny,3683.4,<140,1 do 5 lat,25-35,K,k,>8 lat,polisa,26,brak,inne,2- 4,wykfalifikowany,Test
dobry,>$300,36,brak,remont,12677,>1400,1 do 5 lat,25-35,MS,m,>8 lat,nieruchomość,33,brak,własne,jeden,niewykfalifikowany stała praca,Uczenie
dobry,debet,18,brak,rehabilitacja,2678.2,700-1400,do roku,15- 25,MŻW,m,5-8 lat,brak,34,inny bank,wynajem,jeden,wykfalifikowany,Uczenie
dobry,>$300,21,bez problemów,nowy samochód,4190.2,brak,1 do 5 lat,15- 25,MS,m,1-5 lat,brak,26,sklep,wynajem,2- 4,niewykfalifikowany stała praca,Uczenie
dobry,<= $300,42,opóźnienia,rehabilitacja,8804.6,brak,do roku,25-35,MR,m,Do roku,samochód,31,brak,wynajem,2- 4,wykfalifikowany,Uczenie
zły,brak,24,brak,inny,1281,>1400,Ponad 8,< 15,K,k,1-5 lat,polisa,27,inny bank,wynajem,jeden,wykfalifikowany,Uczenie
zły,<= $300,18,brak,meble,2940,brak,1 do 5 lat,< 15,MS,m,1-5 lat,brak,35,brak,wynajem,jeden,wykfalifikowany,Uczenie
dobry,>$300,36,spłacone,nowy samochód,8178.8,brak,Ponad 8,25-35,MS,m,1-5 lat,samochód,33,brak,wynajem,2- 4,wykfalifikowany,Uczenie
dobry,debet,18,spłacone,używany samochód,8905.4,brak,Ponad 8,25-35,MS,m,Do roku,nieruchomość,39,brak,wynajem,jeden,wykfalifikowany,Test
dobry,brak,21,brak,meble,4699.8,700-1400,do roku,< 15,K,k,1-5 lat,polisa,27,inny bank,wynajem,jeden,wykfalifikowany,Uczenie
dobry,debet,24,brak,meble,4054.4,<140,do roku,25-35,MS,m,Do roku,polisa,27,brak,wynajem,jeden,wykfalifikowany,Test
dobry,brak,18,brak,inny,3148.6,<140,5 do 8 lat,< 15,MS,m,5-8 lat,polisa,28,brak,wynajem,jeden,specjalista/samozatr.,Uczenie
zły,brak,24,inny bank,business,1901.2,>1400,Ponad 8,< 15,MS,m,5-8 lat,polisa,38,sklep,wynajem,jeden,specjalista/samozatr.,Uczenie
dobry,debet,6,brak,meble,515.2,>1400,Ponad 8,< 15,MS,m,>8 lat,samochód,36,brak,wynajem,jeden,wykfalifikowany,Test
dobry,<= $300,24,brak,używany samochód,4048.8,brak,Ponad 8,15- 25,MR,m,>8 lat,nieruchomość,49,brak,własne,jeden,wykfalifikowany,Uczenie
dobry,brak,18,brak,meble,4912.6,brak,5 do 8 lat,< 15,K,k,Do roku,brak,23,brak,wynajem,jeden,wykfalifikowany,Test
dobry,brak,12,brak,używany samochód,2268,brak,1 do 5 lat,25-35,K,k,5-8 lat,samochód,28,brak,wynajem,jeden,wykfalifikowany,Uczenie
zły,brak,12,inny bank,inny,975.8,brak,do roku,< 15,MS,m,1-5 lat,polisa,44,inny bank,wynajem,2- 4,wykfalifikowany,Uczenie
dobry,>$300,24,brak,inny,2063.6,<140,do roku,< 15,MŻW,m,5-8 lat,brak,31,brak,wynajem,jeden,wykfalifikowany,Uczenie
dobry,<= $300,15,spłacone,nowy samochód,3304,140-700,1 do 5 lat,25-35,MS,m,1-5 lat,polisa,34,brak,wynajem,jeden,wykfalifikowany,Test
dobry,debet,9,brak,używany samochód,2842,>1400,5 do 8 lat,25-35,MS,m,Do roku,polisa,22,brak,wynajem,jeden,wykfalifikowany,Uczenie
dobry,brak,6,spłacone,inny,1905.4,brak,do roku,25-35,MS,m,>8 lat,brak,38,brak,wynajem,jeden,niewykfalifikowany stała praca,Uczenie
zły,brak,45,opóźnienia,rehabilitacja,16542.4,brak,Ponad 8,25-35,MS,m,>8 lat,polisa,27,brak,inne,2- 4,wykfalifikowany,Uczenie
dobry,<= $300,10,spłacone,inny,1093.4,brak,Ponad 8,< 15,MS,m,>8 lat,nieruchomość,61,brak,własne,2- 4,wykfalifikowany,Uczenie
zły,brak,9,brak,inny,915.6,brak,1 do 5 lat,< 15,MS,m,5-8 lat,polisa,26,brak,wynajem,jeden,niewykfalifikowany stała praca,Test
dobry,debet,12,brak,używany samochód,4223.8,brak,do roku,15- 25,K,k,Do roku,brak,32,brak,inne,jeden,specjalista/samozatr.,Uczenie
dobry,>$300,12,brak,meble,1240.4,>1400,1 do 5 lat,< 15,K,k,1-5 lat,polisa,19,brak,wynajem,jeden,wykfalifikowany,Test
dobry,debet,24,brak,meble,5261.2,140-700,bezrobotny,> 35,K,k,>8 lat,nieruchomość,21,brak,inne,jeden,niewykfalifikowany bez stałej pracy,Uczenie
dobry,>$300,15,brak,meble,1940.4,>1400,1 do 5 lat,< 15,MŻW,m,1-5 lat,brak,38,brak,inne,jeden,wykfalifikowany,Uczenie
dobry,<= $300,15,brak,remont,2667,brak,Ponad 8,< 15,MS,m,>8 lat,polisa,38,brak,inne,jeden,specjalista/samozatr.,Test
dobry,>$300,15,spłacone,nowy samochód,4715.2,700-1400,Ponad 8,15- 25,MS,m,>8 lat,nieruchomość,21,brak,inne,2- 4,wykfalifikowany,Uczenie
dobry,>$300,21,brak,meble,4424,>1400,Ponad 8,< 15,MS,m,5-8 lat,samochód,39,brak,wynajem,jeden,wykfalifikowany,Uczenie
dobry,brak,24,spłacone,rehabilitacja,1934.8,<140,5 do 8 lat,< 15,MS,m,Do roku,brak,24,brak,wynajem,2- 4,wykfalifikowany,Uczenie
zły,>$300,24,brak,meble,8320.2,>1400,do roku,> 35,K,k,Do roku,polisa,42,brak,wynajem,2- 4,wykfalifikowany,Uczenie
dobry,debet,24,brak,nowy samochód,3864,>1400,Ponad 8,< 15,MS,m,>8 lat,nieruchomość,34,inny bank,własne,jeden,wykfalifikowany,Test
dobry,>$300,24,brak,wakacje,1311.8,brak,do roku,< 15,MŻW,m,5-8 lat,polisa,25,brak,wynajem,2- 4,niewykfalifikowany stała praca,Test
dobry,>$300,30,brak,meble,2613.8,>1400,Ponad 8,< 15,MS,m,>8 lat,polisa,56,brak,wynajem,jeden,wykfalifikowany,Uczenie
zły,brak,18,brak,używany samochód,5814.2,brak,1 do 5 lat,25-35,MS,m,5-8 lat,polisa,40,brak,wynajem,jeden,wykfalifikowany,Test
dobry,>$300,12,spłacone,meble,2707.6,brak,Ponad 8,25-35,MS,m,1-5 lat,nieruchomość,24,brak,wynajem,2- 4,wykfalifikowany,Uczenie
dobry,debet,24,bez problemów,używany samochód,3266.2,>1400,do roku,< 15,MS,m,1-5 lat,samochód,27,inny bank,wynajem,jeden,niewykfalifikowany stała praca,Uczenie
dobry,>$300,12,spłacone,używany samochód,2709,brak,Ponad 8,< 15,MS,m,>8 lat,brak,41,brak,wynajem,5- 6,wykfalifikowany,Test
zły,>$300,48,spłacone,inny,14177.8,140-700,1 do 5 lat,25-35,MS,m,1-5 lat,nieruchomość,42,brak,własne,jeden,wykfalifikowany,Test
dobry,<= $300,12,brak,meble,1815.8,brak,1 do 5 lat,15- 25,MŻW,m,>8 lat,brak,21,brak,inne,jeden,wykfalifikowany,Uczenie
dobry,>$300,15,spłacone,inny,7063,>1400,Ponad 8,> 35,K,k,>8 lat,polisa,57,brak,wynajem,jeden,wykfalifikowany,Uczenie
dobry,brak,24,inny bank,inny,3255,<140,5 do 8 lat,25-35,MS,m,5-8 lat,polisa,30,inny bank,wynajem,jeden,wykfalifikowany,Test
zły,brak,12,opóźnienia,meble,8678.6,brak,1 do 5 lat,< 15,MS,m,1-5 lat,samochód,26,brak,inne,2- 4,wykfalifikowany,Test
dobry,brak,21,brak,meble,3648.4,brak,do roku,< 15,K,k,>8 lat,samochód,26,brak,inne,jeden,specjalista/samozatr.,Uczenie
dobry,>$300,10,spłacone,używany samochód,2896.6,>1400,1 do 5 lat,25-35,MŻW,m,Do roku,polisa,24,brak,wynajem,2- 4,wykfalifikowany,Test
dobry,brak,12,brak,meble,2352,140-700,Ponad 8,15- 25,MŻW,m,Do roku,brak,33,brak,wynajem,jeden,wykfalifikowany,Test
dobry,debet,6,spłacone,wakacje,1304.8,>1400,5 do 8 lat,> 35,K,k,5-8 lat,samochód,37,brak,wynajem,2- 4,niewykfalifikowany stała praca,Test
dobry,>$300,10,brak,remont,1017.8,140-700,Ponad 8,< 15,MS,m,>8 lat,nieruchomość,44,brak,własne,jeden,wykfalifikowany,Test
dobry,brak,6,spłacone,inny,932.4,700-1400,5 do 8 lat,15- 25,K,k,>8 lat,brak,37,brak,wynajem,2- 4,niewykfalifikowany stała praca,Uczenie
dobry,debet,48,brak,meble,5570.6,>1400,5 do 8 lat,< 15,MS,m,Do roku,polisa,39,brak,wynajem,2- 4,wykfalifikowany,Test
dobry,>$300,24,brak,nowy samochód,7606.2,>1400,bezrobotny,25-35,K,k,>8 lat,samochód,24,brak,inne,jeden,specjalista/samozatr.,Uczenie
zły,>$300,36,brak,używany samochód,4688.6,brak,1 do 5 lat,< 15,K,k,1-5 lat,polisa,26,brak,wynajem,jeden,specjalista/samozatr.,Test
zły,brak,48,spłacone,nowy samochód,8863.4,brak,Ponad 8,< 15,MS,m,>8 lat,nieruchomość,44,brak,własne,2- 4,wykfalifikowany,Uczenie
dobry,debet,36,spłacone,meble,3271.8,brak,Ponad 8,< 15,MS,m,>8 lat,brak,34,brak,wynajem,jeden,wykfalifikowany,Uczenie
dobry,>$300,18,brak,meble,2107,brak,1 do 5 lat,< 15,MS,m,1-5 lat,nieruchomość,30,brak,własne,jeden,specjalista/samozatr.,Uczenie
dobry,brak,18,brak,meble,3344.6,brak,do roku,< 15,K,k,Do roku,polisa,25,sklep,wynajem,jeden,wykfalifikowany,Test
dobry,brak,12,brak,używany samochód,1766.8,>1400,Ponad 8,25-35,MR,m,>8 lat,samochód,47,brak,wynajem,jeden,niewykfalifikowany stała praca,Test
dobry,>$300,36,bez problemów,używany samochód,10749.2,140-700,5 do 8 lat,25-35,K,k,>8 lat,polisa,38,brak,wynajem,2- 4,wykfalifikowany,Test
dobry,>$300,12,brak,remont,1950.2,brak,Ponad 8,< 15,MS,m,>8 lat,samochód,45,inny bank,wynajem,5- 6,wykfalifikowany,Test
dobry,>$300,24,brak,meble,2661.4,<140,1 do 5 lat,< 15,MS,m,>8 lat,polisa,27,brak,inne,jeden,specjalista/samozatr.,Uczenie
zły,brak,30,brak,używany samochód,3368.4,brak,5 do 8 lat,< 15,K,k,>8 lat,brak,21,brak,inne,jeden,wykfalifikowany,Test
dobry,>$300,18,spłacone,meble,3365.6,brak,1 do 5 lat,25-35,K,k,1-5 lat,polisa,24,brak,wynajem,2- 4,wykfalifikowany,Test
zły,debet,24,opóźnienia,rehabilitacja,5937.4,brak,1 do 5 lat,> 35,MS,m,>8 lat,brak,34,brak,wynajem,5- 6,niewykfalifikowany stała praca,Uczenie
dobry,>$300,30,brak,nowy samochód,6735.4,>1400,5 do 8 lat,25-35,K,k,>8 lat,samochód,22,sklep,inne,jeden,niewykfalifikowany stała praca,Uczenie
dobry,>$300,18,bez problemów,meble,3248,brak,bezrobotny,25-35,MŻW,m,5-8 lat,brak,32,brak,wynajem,2- 4,wykfalifikowany,Test
dobry,>$300,18,brak,nowy samochód,4729.2,>1400,1 do 5 lat,25-35,MS,m,Do roku,samochód,29,brak,wynajem,jeden,wykfalifikowany,Test
zły,brak,12,spłacone,używany samochód,3144.4,brak,Ponad 8,15- 25,MS,m,5-8 lat,samochód,58,brak,wynajem,2- 4,wykfalifikowany,Uczenie
zły,>$300,36,spłacone,używany samochód,9977.8,brak,do roku,25-35,K,k,>8 lat,samochód,21,brak,inne,2- 4,wykfalifikowany,Uczenie
dobry,>$300,15,brak,używany samochód,3109.4,140-700,1 do 5 lat,25-35,K,k,>8 lat,polisa,18,brak,inne,jeden,wykfalifikowany,Uczenie
zły,<= $300,12,inny bank,rehabilitacja,852.6,brak,do roku,< 15,K,k,Do roku,brak,24,inny bank,wynajem,jeden,niewykfalifikowany bez stałej pracy,Uczenie
dobry,>$300,48,spłacone,rehabilitacja,10680.6,>1400,Ponad 8,< 15,MR,m,1-5 lat,polisa,44,inny bank,wynajem,2- 4,specjalista/samozatr.,Uczenie
dobry,brak,15,spłacone,używany samochód,2069.2,brak,Ponad 8,< 15,MS,m,>8 lat,polisa,42,brak,wynajem,2- 4,wykfalifikowany,Test
dobry,>$300,12,spłacone,rehabilitacja,1976.8,brak,1 do 5 lat,< 15,K,k,1-5 lat,brak,27,brak,wynajem,2- 4,specjalista/samozatr.,Uczenie
dobry,>$300,12,spłacone,meble,1736,>1400,Ponad 8,< 15,K,k,1-5 lat,brak,36,brak,wynajem,2- 4,wykfalifikowany,Test
dobry,>$300,24,brak,nowy samochód,12987.8,>1400,1 do 5 lat,25-35,MR,m,>8 lat,nieruchomość,46,brak,własne,jeden,wykfalifikowany,Uczenie
dobry,>$300,27,bez problemów,rehabilitacja,7163.8,brak,5 do 8 lat,15- 25,MS,m,>8 lat,polisa,24,brak,wynajem,2- 4,wykfalifikowany,Uczenie
dobry,>$300,24,brak,inny,2135,700-1400,5 do 8 lat,< 15,K,k,5-8 lat,polisa,32,brak,wynajem,jeden,wykfalifikowany,Test
zły,brak,24,brak,meble,1794.8,<140,1 do 5 lat,< 15,K,k,1-5 lat,polisa,30,brak,wynajem,jeden,niewykfalifikowany stała praca,Uczenie
dobry,debet,9,brak,meble,1514.8,brak,Ponad 8,< 15,MS,m,>8 lat,polisa,35,brak,wynajem,2- 4,niewykfalifikowany stała praca,Test
dobry,brak,30,opóźnienia,używany samochód,6416.2,brak,1 do 5 lat,25-35,MR,m,1-5 lat,brak,30,brak,wynajem,2- 4,wykfalifikowany,Test
dobry,debet,9,brak,rehabilitacja,1947.4,brak,1 do 5 lat,25-35,MŻW,m,Do roku,brak,25,inny bank,wynajem,jeden,wykfalifikowany,Uczenie
dobry,>$300,24,spłacone,meble,2122.4,700-1400,1 do 5 lat,< 15,K,k,Do roku,brak,41,brak,wynajem,2- 4,niewykfalifikowany stała praca,Test
zły,brak,24,brak,inny,1919.4,>1400,1 do 5 lat,< 15,K,k,>8 lat,brak,23,brak,inne,jeden,wykfalifikowany,Test
dobry,>$300,24,brak,nowy samochód,10939.6,brak,5 do 8 lat,15- 25,MS,m,5-8 lat,polisa,36,brak,wynajem,jeden,specjalista/samozatr.,Uczenie
dobry,<= $300,9,brak,meble,1576.4,<140,Ponad 8,25-35,MR,m,>8 lat,brak,47,brak,wynajem,jeden,wykfalifikowany,Uczenie
zły,brak,20,spłacone,inny,3129,brak,1 do 5 lat,< 15,MŻW,m,1-5 lat,samochód,31,inny bank,inne,2- 4,wykfalifikowany,Test
dobry,>$300,10,brak,inny,1909.6,brak,1 do 5 lat,25-35,K,k,>8 lat,polisa,62,brak,wynajem,jeden,wykfalifikowany,Uczenie
dobry,>$300,12,spłacone,używany samochód,1962.8,140-700,5 do 8 lat,15- 25,K,k,>8 lat,polisa,35,brak,inne,jeden,wykfalifikowany,Uczenie
dobry,>$300,10,brak,meble,2693.6,brak,1 do 5 lat,> 35,MS,m,>8 lat,samochód,36,brak,wynajem,jeden,wykfalifikowany,Uczenie
dobry,brak,15,brak,meble,1474.2,brak,do roku,< 15,MŻW,m,1-5 lat,brak,25,brak,wynajem,jeden,wykfalifikowany,Test
dobry,debet,7,brak,meble,3381,brak,1 do 5 lat,15- 25,MS,m,1-5 lat,brak,32,brak,wynajem,jeden,wykfalifikowany,Test
zły,debet,48,inny bank,rehabilitacja,8982.4,brak,Ponad 8,< 15,K,k,5-8 lat,nieruchomość,57,brak,inne,jeden,wykfalifikowany,Uczenie
dobry,>$300,48,bez problemów,meble,10133.2,>1400,Ponad 8,15- 25,MS,m,5-8 lat,polisa,30,inny bank,wynajem,2- 4,wykfalifikowany,Test
zły,debet,24,spłacone,rehabilitacja,2709,brak,Ponad 8,< 15,MR,m,>8 lat,brak,29,brak,wynajem,2- 4,wykfalifikowany,Uczenie
dobry,debet,24,brak,używany samochód,6091.4,>1400,1 do 5 lat,> 35,K,k,>8 lat,samochód,46,brak,wynajem,jeden,niewykfalifikowany stała praca,Uczenie
dobry,<= $300,12,inny bank,meble,572.6,700-1400,1 do 5 lat,15- 25,K,k,5-8 lat,brak,40,brak,inne,2- 4,wykfalifikowany,Test
zły,brak,12,brak,meble,943.6,<140,5 do 8 lat,< 15,MŻW,m,Do roku,samochód,18,brak,wynajem,jeden,wykfalifikowany,Uczenie
zły,brak,18,spłacone,AGD,1666,brak,bezrobotny,25-35,K,k,>8 lat,nieruchomość,53,brak,własne,5- 6,niewykfalifikowany bez stałej pracy,Uczenie
dobry,>$300,60,spłacone,inny,19258.4,>1400,Ponad 8,25-35,MS,m,>8 lat,nieruchomość,61,inny bank,własne,jeden,specjalista/samozatr.,Test
dobry,debet,9,brak,meble,641.2,brak,1 do 5 lat,< 15,MS,m,5-8 lat,brak,22,brak,wynajem,jeden,wykfalifikowany,Uczenie
dobry,>$300,6,brak,AGD,924,140-700,5 do 8 lat,25-35,MŻW,m,>8 lat,brak,21,brak,inne,jeden,niewykfalifikowany stała praca,Test
zły,<= $300,36,brak,meble,5894,brak,1 do 5 lat,< 15,MS,m,1-5 lat,polisa,24,brak,wynajem,jeden,wykfalifikowany,Test
dobry,>$300,48,spłacone,nowy samochód,3851.4,>1400,Ponad 8,< 15,MS,m,5-8 lat,polisa,36,brak,wynajem,2- 4,wykfalifikowany,Test
dobry,debet,18,brak,meble,1212.4,brak,1 do 5 lat,< 15,MŻW,m,1-5 lat,brak,23,brak,wynajem,jeden,niewykfalifikowany stała praca,Uczenie
dobry,debet,21,bez problemów,inny,3294.2,brak,1 do 5 lat,> 35,MR,m,>8 lat,samochód,45,brak,wynajem,2- 4,wykfalifikowany,Test
zły,debet,18,spłacone,inny,1478.4,brak,Ponad 8,15- 25,MS,m,5-8 lat,brak,28,brak,wynajem,2- 4,wykfalifikowany,Uczenie
zły,brak,18,brak,nowy samochód,10515.4,>1400,Ponad 8,> 35,MS,m,>8 lat,samochód,49,brak,własne,jeden,wykfalifikowany,Uczenie
dobry,>$300,22,brak,meble,3745,140-700,Ponad 8,15- 25,MS,m,>8 lat,polisa,38,brak,wynajem,jeden,wykfalifikowany,Uczenie
dobry,>$300,24,brak,meble,3197.6,brak,5 do 8 lat,< 15,MS,m,1-5 lat,polisa,26,brak,wynajem,jeden,wykfalifikowany,Uczenie
zły,debet,12,brak,meble,9055.2,>1400,bezrobotny,25-35,MS,m,Do roku,nieruchomość,50,brak,wynajem,jeden,specjalista/samozatr.,Uczenie
dobry,debet,12,spłacone,inny,1341.2,brak,5 do 8 lat,25-35,MS,m,5-8 lat,brak,45,brak,wynajem,2- 4,niewykfalifikowany stała praca,Test
dobry,brak,10,spłacone,inny,1453.2,brak,5 do 8 lat,< 15,MS,m,5-8 lat,samochód,47,brak,wynajem,2- 4,wykfalifikowany,Uczenie
dobry,debet,36,bez problemów,rehabilitacja,13799.8,<140,5 do 8 lat,> 35,MS,m,5-8 lat,samochód,29,brak,wynajem,2- 4,niewykfalifikowany stała praca,Uczenie
zły,brak,12,opóźnienia,inny,1514.8,brak,1 do 5 lat,< 15,MS,m,>8 lat,polisa,46,inny bank,wynajem,2- 4,wykfalifikowany,Test
dobry,>$300,10,brak,inny,1985.2,<140,1 do 5 lat,15- 25,MS,m,1-5 lat,brak,33,brak,inne,jeden,niewykfalifikowany stała praca,Uczenie
dobry,debet,18,bez problemów,inny,4058.6,>1400,Ponad 8,< 15,MS,m,>8 lat,polisa,41,brak,wynajem,jeden,wykfalifikowany,Test
dobry,>$300,48,bez problemów,meble,17848.6,140-700,5 do 8 lat,< 15,MS,m,Do roku,polisa,35,brak,wynajem,jeden,specjalista/samozatr.,Test
dobry,brak,6,brak,używany samochód,1923.6,brak,1 do 5 lat,> 35,MS,m,1-5 lat,brak,34,inny bank,wynajem,jeden,niewykfalifikowany stała praca,Uczenie
dobry,>$300,9,spłacone,meble,4303.6,>1400,1 do 5 lat,> 35,MS,m,1-5 lat,brak,31,brak,wynajem,2- 4,wykfalifikowany,Uczenie
dobry,brak,15,bez problemów,używany samochód,5100.2,brak,Ponad 8,> 35,K,k,>8 lat,samochód,25,brak,wynajem,2- 4,niewykfalifikowany stała praca,Uczenie
zły,brak,36,brak,nowy samochód,11669,>1400,Ponad 8,15- 25,MS,m,>8 lat,nieruchomość,45,brak,własne,jeden,wykfalifikowany,Uczenie
zły,brak,24,brak,używany samochód,3302.6,<140,bezrobotny,> 35,MR,m,Do roku,samochód,31,brak,wynajem,jeden,wykfalifikowany,Test
zły,debet,9,brak,meble,2338,brak,do roku,< 15,K,k,1-5 lat,polisa,20,brak,wynajem,jeden,wykfalifikowany,Uczenie
dobry,>$300,24,brak,nowy samochód,3644.2,700-1400,1 do 5 lat,25-35,K,k,>8 lat,polisa,26,brak,inne,jeden,wykfalifikowany,Test
zły,>$300,18,brak,inny,9465.4,>1400,1 do 5 lat,25-35,MS,m,>8 lat,polisa,66,sklep,inne,2- 4,wykfalifikowany,Test
dobry,>$300,6,brak,nowy samochód,1730.4,140-700,1 do 5 lat,25-35,MS,m,>8 lat,samochód,48,brak,inne,jeden,wykfalifikowany,Test
dobry,brak,9,brak,używany samochód,2990.4,brak,1 do 5 lat,15- 25,MS,m,1-5 lat,brak,23,brak,wynajem,jeden,wykfalifikowany,Test
dobry,brak,9,spłacone,inny,3918.6,brak,1 do 5 lat,25-35,MS,m,1-5 lat,brak,34,brak,inne,2- 4,wykfalifikowany,Uczenie
dobry,>$300,48,spłacone,remont,8554,brak,1 do 5 lat,> 35,MS,m,5-8 lat,nieruchomość,29,inny bank,własne,jeden,wykfalifikowany,Uczenie
dobry,>$300,24,spłacone,nowy samochód,3284.4,brak,5 do 8 lat,< 15,MS,m,5-8 lat,polisa,33,brak,wynajem,2- 4,wykfalifikowany,Uczenie
dobry,brak,15,spłacone,używany samochód,2006.2,brak,1 do 5 lat,< 15,K,k,5-8 lat,samochód,23,brak,inne,2- 4,wykfalifikowany,Test
zły,>$300,36,brak,remont,2546.6,brak,1 do 5 lat,< 15,MS,m,>8 lat,nieruchomość,35,sklep,własne,jeden,wykfalifikowany,Uczenie
dobry,brak,14,brak,inny,5562.2,brak,bezrobotny,> 35,MS,m,>8 lat,nieruchomość,20,brak,własne,jeden,wykfalifikowany,Uczenie
dobry,>$300,12,brak,meble,1086.4,brak,1 do 5 lat,< 15,MŻW,m,1-5 lat,brak,26,brak,wynajem,jeden,wykfalifikowany,Test
zły,brak,27,opóźnienia,rehabilitacja,7410.2,brak,bezrobotny,25-35,MS,m,>8 lat,samochód,48,brak,wynajem,2- 4,wykfalifikowany,Test
dobry,debet,9,brak,meble,1688.4,brak,Ponad 8,< 15,K,k,>8 lat,brak,23,brak,wynajem,jeden,wykfalifikowany,Test
dobry,debet,12,brak,meble,875,brak,do roku,< 15,MŻW,m,Do roku,brak,24,inny bank,wynajem,jeden,niewykfalifikowany stała praca,Test
dobry,debet,12,brak,inny,1409.8,700-1400,1 do 5 lat,< 15,MŻW,m,Do roku,brak,20,brak,wynajem,jeden,wykfalifikowany,Uczenie
dobry,brak,12,brak,meble,981.4,brak,1 do 5 lat,< 15,MŻW,m,1-5 lat,brak,38,brak,wynajem,jeden,niewykfalifikowany stała praca,Uczenie
zły,debet,18,spłacone,używany samochód,2699.2,brak,do roku,25-35,MS,m,1-5 lat,brak,29,brak,wynajem,2- 4,niewykfalifikowany stała praca,Uczenie
dobry,>$300,18,brak,meble,2062.2,brak,do roku,15- 25,MŻW,m,>8 lat,brak,37,brak,wynajem,jeden,wykfalifikowany,Test
zły,brak,42,brak,meble,10043.6,>1400,5 do 8 lat,< 15,K,k,5-8 lat,polisa,28,brak,wynajem,jeden,specjalista/samozatr.,Test
zły,>$300,10,brak,używany samochód,3094,brak,1 do 5 lat,25-35,MS,m,1-5 lat,brak,23,brak,inne,jeden,niewykfalifikowany stała praca,Uczenie
dobry,>$300,12,brak,inny,2986.2,>1400,Ponad 8,< 15,K,k,>8 lat,nieruchomość,50,brak,własne,jeden,specjalista/samozatr.,Test
dobry,>$300,12,spłacone,remont,2816.8,>1400,5 do 8 lat,< 15,K,k,1-5 lat,polisa,59,brak,wynajem,jeden,wykfalifikowany,Test
dobry,debet,18,spłacone,rehabilitacja,5026,brak,bezrobotny,15- 25,MŻW,m,5-8 lat,polisa,38,brak,wynajem,5- 6,niewykfalifikowany bez stałej pracy,Uczenie
dobry,>$300,12,bez problemów,nowy samochód,2104.2,brak,1 do 5 lat,< 15,MŻW,m,>8 lat,brak,39,brak,inne,jeden,wykfalifikowany,Uczenie
zły,debet,9,brak,używany samochód,1285.2,brak,1 do 5 lat,< 15,K,k,Do roku,samochód,28,brak,wynajem,jeden,wykfalifikowany,Uczenie
dobry,>$300,15,brak,nowy samochód,4240.6,brak,5 do 8 lat,25-35,MS,m,1-5 lat,polisa,31,brak,wynajem,jeden,wykfalifikowany,Uczenie
dobry,>$300,12,brak,meble,2090.2,brak,do roku,< 15,K,k,5-8 lat,polisa,32,brak,wynajem,jeden,wykfalifikowany,Test
dobry,>$300,18,spłacone,meble,2520,brak,1 do 5 lat,< 15,MS,m,1-5 lat,polisa,22,brak,wynajem,2- 4,wykfalifikowany,Uczenie
zły,brak,18,inny bank,inny,2018.8,brak,5 do 8 lat,< 15,MS,m,>8 lat,nieruchomość,30,inny bank,własne,2- 4,niewykfalifikowany stała praca,Test
dobry,debet,24,brak,inny,1681.4,brak,do roku,< 15,MS,m,Do roku,samochód,24,brak,wynajem,jeden,wykfalifikowany,Uczenie
zły,>$300,18,inny bank,inny,9041.2,brak,Ponad 8,25-35,MS,m,>8 lat,nieruchomość,37,inny bank,wynajem,2- 4,specjalista/samozatr.,Uczenie
dobry,debet,6,brak,AGD,635.6,brak,do roku,15- 25,MŻW,m,Do roku,samochód,20,brak,wynajem,jeden,niewykfalifikowany stała praca,Uczenie
dobry,<= $300,24,brak,używany samochód,2695,brak,1 do 5 lat,25-35,MS,m,1-5 lat,brak,24,brak,wynajem,jeden,wykfalifikowany,Uczenie
dobry,>$300,12,spłacone,używany samochód,4663.4,brak,Ponad 8,25-35,MS,m,>8 lat,samochód,40,sklep,wynajem,jeden,wykfalifikowany,Uczenie
dobry,>$300,9,brak,meble,3854.2,<140,Ponad 8,15- 25,MS,m,>8 lat,polisa,33,brak,wynajem,jeden,wykfalifikowany,Uczenie
dobry,>$300,15,brak,RTV,1766.8,140-700,5 do 8 lat,< 15,MS,m,5-8 lat,samochód,34,brak,wynajem,2- 4,wykfalifikowany,Uczenie
zły,debet,54,opóźnienia,rehabilitacja,22323,brak,do roku,15- 25,MS,m,>8 lat,nieruchomość,56,brak,inne,jeden,wykfalifikowany,Test
zły,>$300,6,brak,używany samochód,6455.4,brak,do roku,> 35,K,k,>8 lat,samochód,30,brak,wynajem,jeden,wykfalifikowany,Uczenie
dobry,brak,10,brak,meble,3241,brak,Ponad 8,15- 25,MS,m,>8 lat,brak,50,brak,wynajem,jeden,niewykfalifikowany stała praca,Uczenie
dobry,>$300,12,spłacone,inny,2093,brak,Ponad 8,< 15,MS,m,Do roku,brak,36,brak,wynajem,2- 4,niewykfalifikowany stała praca,Uczenie
dobry,>$300,36,spłacone,meble,13392.4,brak,1 do 5 lat,25-35,K,k,1-5 lat,polisa,29,sklep,wynajem,2- 4,wykfalifikowany,Test
zły,>$300,18,bez problemów,rehabilitacja,3036.6,brak,1 do 5 lat,< 15,MŻW,m,1-5 lat,polisa,26,brak,wynajem,jeden,wykfalifikowany,Uczenie
dobry,debet,6,brak,meble,2888.2,brak,do roku,< 15,MŻW,m,5-8 lat,polisa,28,brak,inne,jeden,specjalista/samozatr.,Uczenie
dobry,>$300,12,brak,nowy samochód,1978.2,700-1400,5 do 8 lat,15- 25,MS,m,1-5 lat,samochód,53,brak,wynajem,jeden,wykfalifikowany,Uczenie
dobry,>$300,18,spłacone,meble,1636.6,>1400,1 do 5 lat,< 15,MS,m,5-8 lat,samochód,27,brak,wynajem,2- 4,wykfalifikowany,Uczenie
zły,<= $300,9,opóźnienia,meble,1871.8,brak,do roku,< 15,MS,m,1-5 lat,polisa,32,brak,wynajem,2- 4,specjalista/samozatr.,Uczenie
zły,debet,9,inny bank,nowy samochód,7180.6,brak,Ponad 8,25-35,K,k,>8 lat,nieruchomość,72,inny bank,własne,jeden,specjalista/samozatr.,Test
dobry,>$300,15,brak,nowy samochód,5336.8,<140,do roku,> 35,K,k,>8 lat,polisa,21,brak,wynajem,jeden,wykfalifikowany,Uczenie
dobry,>$300,18,brak,meble,2871.4,brak,do roku,< 15,MS,m,Do roku,brak,31,brak,wynajem,jeden,wykfalifikowany,Test
dobry,debet,9,brak,inny,386.4,brak,1 do 5 lat,< 15,MŻW,m,>8 lat,brak,20,brak,inne,jeden,niewykfalifikowany stała praca,Uczenie
dobry,>$300,12,brak,meble,3190.6,>1400,1 do 5 lat,< 15,MS,m,>8 lat,nieruchomość,35,brak,własne,jeden,wykfalifikowany,Uczenie
dobry,>$300,36,brak,rehabilitacja,8038.8,<140,5 do 8 lat,25-35,MS,m,1-5 lat,polisa,29,brak,wynajem,2- 4,wykfalifikowany,Test
dobry,brak,21,brak,używany samochód,5038.6,brak,5 do 8 lat,> 35,K,k,>8 lat,polisa,24,brak,inne,jeden,niewykfalifikowany stała praca,Uczenie
dobry,brak,6,spłacone,inny,6602.4,>1400,do roku,> 35,MS,m,5-8 lat,brak,42,brak,wynajem,2- 4,niewykfalifikowany stała praca,Test
zły,debet,12,brak,meble,2077.6,>1400,1 do 5 lat,25-35,MŻW,m,Do roku,brak,23,brak,wynajem,jeden,wykfalifikowany,Uczenie
zły,brak,40,spłacone,remont,8397.2,brak,1 do 5 lat,< 15,MS,m,5-8 lat,nieruchomość,25,inny bank,wynajem,jeden,wykfalifikowany,Uczenie
zły,>$300,18,bez problemów,używany samochód,2531.2,brak,5 do 8 lat,< 15,K,k,Do roku,brak,20,brak,wynajem,jeden,wykfalifikowany,Test
dobry,>$300,12,brak,inny,1541.4,brak,1 do 5 lat,15- 25,MŻW,m,1-5 lat,brak,25,brak,wynajem,2- 4,wykfalifikowany,Test
zły,>$300,9,brak,meble,2069.2,brak,5 do 8 lat,< 15,MS,m,1-5 lat,polisa,20,brak,wynajem,jeden,wykfalifikowany,Test
zły,brak,12,brak,inny,1719.2,brak,1 do 5 lat,< 15,K,k,1-5 lat,brak,22,brak,wynajem,jeden,niewykfalifikowany stała praca,Uczenie
dobry,debet,18,brak,meble,1558.2,brak,1 do 5 lat,< 15,K,k,>8 lat,brak,24,brak,wynajem,jeden,niewykfalifikowany stała praca,Uczenie
zły,brak,36,brak,inny,2578.8,brak,do roku,< 15,K,k,>8 lat,polisa,32,brak,wynajem,jeden,wykfalifikowany,Test
dobry,>$300,10,brak,wakacje,1251.6,>1400,5 do 8 lat,< 15,K,k,5-8 lat,samochód,38,brak,wynajem,jeden,wykfalifikowany,Uczenie
zły,debet,12,brak,meble,1863.4,brak,do roku,25-35,MS,m,Do roku,polisa,20,brak,wynajem,jeden,wykfalifikowany,Uczenie
dobry,>$300,24,spłacone,meble,3655.4,brak,Ponad 8,< 15,MŻW,m,5-8 lat,brak,44,brak,wynajem,2- 4,wykfalifikowany,Test
dobry,>$300,18,brak,inny,2548,brak,1 do 5 lat,25-35,MŻW,m,1-5 lat,samochód,28,brak,wynajem,jeden,specjalista/samozatr.,Uczenie
dobry,brak,13,spłacone,rehabilitacja,2515.8,brak,do roku,15- 25,MS,m,Do roku,samochód,26,inny bank,wynajem,2- 4,niewykfalifikowany stała praca,Uczenie
zły,brak,14,brak,inny,12569.2,brak,Ponad 8,> 35,MR,m,>8 lat,samochód,43,brak,wynajem,jeden,specjalista/samozatr.,Uczenie
dobry,debet,18,brak,używany samochód,4201.4,brak,5 do 8 lat,25-35,K,k,>8 lat,brak,38,brak,inne,jeden,wykfalifikowany,Test
dobry,>$300,12,spłacone,meble,1807.4,brak,1 do 5 lat,< 15,K,k,1-5 lat,samochód,33,brak,wynajem,2- 4,wykfalifikowany,Test
dobry,>$300,24,spłacone,nowy samochód,5658.8,>1400,5 do 8 lat,15- 25,MS,m,>8 lat,samochód,41,brak,wynajem,2- 4,wykfalifikowany,Test
dobry,brak,6,brak,meble,3705.8,140-700,1 do 5 lat,25-35,MS,m,5-8 lat,brak,42,brak,inne,jeden,wykfalifikowany,Test
dobry,>$300,11,spłacone,inny,10119.2,brak,1 do 5 lat,> 35,MS,m,>8 lat,samochód,37,brak,wynajem,2- 4,niewykfalifikowany stała praca,Test
dobry,debet,36,brak,meble,3252.2,brak,5 do 8 lat,< 15,MS,m,>8 lat,polisa,22,brak,inne,jeden,wykfalifikowany,Test
dobry,>$300,6,brak,inny,4925.2,brak,1 do 5 lat,25-35,MS,m,5-8 lat,samochód,24,brak,inne,jeden,wykfalifikowany,Test
dobry,>$300,12,spłacone,używany samochód,8121.4,>1400,Ponad 8,25-35,MS,m,>8 lat,samochód,47,brak,inne,jeden,wykfalifikowany,Test
zły,brak,48,opóźnienia,nowy samochód,6447,brak,Ponad 8,15- 25,MS,m,>8 lat,nieruchomość,22,brak,własne,2- 4,wykfalifikowany,Test
dobry,<= $300,24,brak,meble,1761.2,140-700,1 do 5 lat,15- 25,K,k,5-8 lat,polisa,55,brak,wynajem,jeden,niewykfalifikowany stała praca,Uczenie
dobry,>$300,6,brak,meble,725.2,brak,1 do 5 lat,15- 25,K,k,Do roku,brak,27,brak,wynajem,jeden,wykfalifikowany,Test
dobry,>$300,24,spłacone,inny,2830.8,brak,1 do 5 lat,< 15,K,k,>8 lat,polisa,35,brak,wynajem,jeden,wykfalifikowany,Uczenie
zły,debet,36,spłacone,inny,3948,brak,do roku,< 15,MR,m,>8 lat,polisa,25,brak,wynajem,2- 4,wykfalifikowany,Test
dobry,brak,47,brak,inny,15010.8,brak,do roku,> 35,K,k,Do roku,brak,33,brak,wynajem,jeden,niewykfalifikowany stała praca,Test
dobry,>$300,12,brak,rehabilitacja,2158.8,brak,5 do 8 lat,25-35,MS,m,>8 lat,polisa,34,brak,wynajem,jeden,wykfalifikowany,Test
dobry,>$300,18,brak,meble,1576.4,>1400,do roku,< 15,K,k,1-5 lat,brak,19,brak,inne,jeden,wykfalifikowany,Uczenie
dobry,brak,24,brak,meble,2244.2,brak,Ponad 8,< 15,K,k,>8 lat,polisa,53,brak,wynajem,jeden,wykfalifikowany,Uczenie
dobry,brak,12,brak,meble,2097.2,brak,1 do 5 lat,< 15,K,k,Do roku,polisa,21,inny bank,wynajem,jeden,wykfalifikowany,Uczenie
dobry,debet,15,brak,meble,2021.6,>1400,do roku,< 15,MS,m,Do roku,samochód,21,brak,wynajem,jeden,wykfalifikowany,Uczenie
zły,brak,30,brak,AGD,16797.2,brak,do roku,> 35,MR,m,Do roku,nieruchomość,32,inny bank,wynajem,jeden,niewykfalifikowany stała praca,Uczenie
zły,brak,6,brak,remont,627.2,brak,do roku,< 15,K,k,>8 lat,samochód,21,brak,wynajem,jeden,wykfalifikowany,Uczenie
dobry,debet,6,bez problemów,używany samochód,1470,brak,bezrobotny,< 15,MS,m,Do roku,samochód,33,sklep,wynajem,2- 4,specjalista/samozatr.,Uczenie
dobry,debet,30,brak,meble,2401,>1400,1 do 5 lat,< 15,K,k,Do roku,polisa,24,brak,wynajem,jeden,wykfalifikowany,Uczenie
zły,brak,36,brak,meble,3222.8,brak,1 do 5 lat,< 15,MR,m,>8 lat,polisa,29,brak,inne,jeden,wykfalifikowany,Uczenie
dobry,>$300,30,spłacone,meble,8079.4,brak,5 do 8 lat,< 15,K,k,1-5 lat,polisa,23,brak,wynajem,2- 4,wykfalifikowany,Test
zły,brak,12,brak,używany samochód,1794.8,brak,1 do 5 lat,25-35,K,k,>8 lat,polisa,18,brak,inne,jeden,wykfalifikowany,Uczenie
dobry,>$300,12,brak,meble,4307.8,brak,1 do 5 lat,25-35,MS,m,>8 lat,polisa,50,brak,wynajem,jeden,wykfalifikowany,Uczenie
dobry,>$300,12,spłacone,meble,1302,>1400,Ponad 8,< 15,MS,m,>8 lat,brak,63,brak,wynajem,7 i więcej,wykfalifikowany,Test
dobry,debet,48,opóźnienia,inny,11701.2,140-700,do roku,> 35,K,k,Do roku,polisa,28,brak,wynajem,2- 4,wykfalifikowany,Uczenie
dobry,debet,12,spłacone,inny,4373.6,brak,do roku,> 35,MS,m,5-8 lat,brak,47,inny bank,wynajem,2- 4,niewykfalifikowany stała praca,Test
dobry,>$300,36,spłacone,inny,4949,brak,5 do 8 lat,< 15,MS,m,>8 lat,polisa,35,brak,wynajem,2- 4,wykfalifikowany,Test
dobry,debet,12,spłacone,inny,2793,<140,do roku,< 15,MS,m,Do roku,polisa,25,brak,wynajem,jeden,wykfalifikowany,Test
dobry,<= $300,6,spłacone,inny,1852.2,<140,Ponad 8,25-35,MR,m,>8 lat,polisa,26,brak,wynajem,2- 4,wykfalifikowany,Test
dobry,debet,8,brak,meble,1064,brak,5 do 8 lat,< 15,K,k,1-5 lat,brak,42,brak,wynajem,jeden,niewykfalifikowany stała praca,Test
zły,debet,18,opóźnienia,inny,3189.2,<140,do roku,15- 25,K,k,5-8 lat,polisa,26,brak,wynajem,2- 4,wykfalifikowany,Uczenie
zły,brak,60,bez problemów,rehabilitacja,9570.4,brak,Ponad 8,15- 25,MS,m,>8 lat,nieruchomość,61,brak,wynajem,2- 4,wykfalifikowany,Uczenie
zły,debet,9,spłacone,remont,2101.4,brak,Ponad 8,25-35,K,k,5-8 lat,polisa,32,brak,wynajem,2- 4,specjalista/samozatr.,Test
dobry,debet,8,brak,rehabilitacja,1269.8,brak,do roku,15- 25,MŻW,m,1-5 lat,brak,24,brak,wynajem,jeden,wykfalifikowany,Uczenie
dobry,>$300,12,brak,używany samochód,2430.4,brak,5 do 8 lat,15- 25,K,k,>8 lat,brak,29,brak,wynajem,jeden,niewykfalifikowany stała praca,Test
zły,brak,15,brak,RTV,1785,>1400,1 do 5 lat,< 15,K,k,1-5 lat,polisa,22,brak,inne,jeden,wykfalifikowany,Uczenie
dobry,brak,36,spłacone,używany samochód,7519.4,brak,1 do 5 lat,15- 25,MS,m,1-5 lat,samochód,26,brak,wynajem,2- 4,wykfalifikowany,Test
dobry,>$300,24,spłacone,inny,3448.2,<140,5 do 8 lat,< 15,MŻW,m,5-8 lat,samochód,25,brak,wynajem,2- 4,wykfalifikowany,Uczenie
dobry,debet,20,opóźnienia,nowy samochód,8607.2,<140,Ponad 8,15- 25,MŻW,m,>8 lat,polisa,29,inny bank,wynajem,2- 4,wykfalifikowany,Uczenie
zły,>$300,18,spłacone,inny,2142,brak,1 do 5 lat,15- 25,MS,m,1-5 lat,samochód,30,inny bank,wynajem,2- 4,wykfalifikowany,Uczenie
dobry,>$300,7,bez problemów,meble,1184.4,>1400,Ponad 8,15- 25,MS,m,>8 lat,nieruchomość,34,brak,własne,jeden,wykfalifikowany,Uczenie
zły,brak,24,spłacone,inny,1678.6,brak,Ponad 8,< 15,MS,m,>8 lat,polisa,58,brak,wynajem,2- 4,niewykfalifikowany stała praca,Test
dobry,>$300,9,brak,remont,5364.8,>1400,Ponad 8,> 35,MS,m,>8 lat,brak,62,brak,wynajem,jeden,niewykfalifikowany stała praca,Uczenie
dobry,brak,15,brak,inny,2409.4,brak,do roku,25-35,MS,m,5-8 lat,brak,34,brak,wynajem,jeden,wykfalifikowany,Test
zły,debet,36,brak,używany samochód,12647.6,<140,do roku,< 15,MS,m,Do roku,nieruchomość,27,brak,inne,jeden,specjalista/samozatr.,Uczenie
dobry,>$300,24,inny bank,rehabilitacja,2182.6,brak,5 do 8 lat,< 15,MS,m,>8 lat,polisa,38,inny bank,wynajem,jeden,wykfalifikowany,Test
dobry,debet,24,brak,używany samochód,4296.6,<140,Ponad 8,< 15,MS,m,>8 lat,nieruchomość,28,brak,własne,jeden,wykfalifikowany,Uczenie
dobry,>$300,24,brak,inny,3157,>1400,do roku,< 15,MS,m,Do roku,samochód,52,brak,wynajem,jeden,wykfalifikowany,Uczenie
dobry,brak,24,brak,nowy samochód,4074,brak,5 do 8 lat,25-35,MS,m,Do roku,nieruchomość,32,brak,własne,jeden,specjalista/samozatr.,Test
zły,>$300,24,brak,rehabilitacja,6427.4,700-1400,1 do 5 lat,25-35,MS,m,5-8 lat,samochód,52,brak,wynajem,5- 6,specjalista/samozatr.,Uczenie
zły,<= $300,15,spłacone,meble,1779.4,>1400,1 do 5 lat,15- 25,MS,m,>8 lat,nieruchomość,37,brak,własne,2- 4,wykfalifikowany,Test
dobry,>$300,21,bez problemów,używany samochód,2227.4,<140,5 do 8 lat,< 15,MS,m,5-8 lat,brak,32,brak,wynajem,2- 4,specjalista/samozatr.,Uczenie
dobry,>$300,15,spłacone,remont,2144.8,<140,1 do 5 lat,< 15,K,k,5-8 lat,polisa,29,brak,wynajem,jeden,wykfalifikowany,Uczenie
dobry,>$300,24,spłacone,nowy samochód,3075.8,>1400,5 do 8 lat,< 15,MS,m,>8 lat,polisa,41,brak,wynajem,2- 4,wykfalifikowany,Uczenie
zły,>$300,21,bez problemów,rehabilitacja,3612,140-700,do roku,< 15,MS,m,1-5 lat,brak,39,inny bank,wynajem,jeden,niewykfalifikowany stała praca,Test
zły,brak,12,spłacone,inny,4898.6,brak,1 do 5 lat,15- 25,K,k,1-5 lat,brak,27,brak,wynajem,2- 4,wykfalifikowany,Test
zły,>$300,12,brak,inny,1940.4,140-700,1 do 5 lat,25-35,K,k,1-5 lat,samochód,24,brak,wynajem,jeden,wykfalifikowany,Uczenie
dobry,>$300,15,spłacone,meble,2560.6,brak,Ponad 8,< 15,MS,m,>8 lat,polisa,44,brak,wynajem,2- 4,wykfalifikowany,Uczenie
dobry,>$300,36,brak,meble,3351.6,>1400,1 do 5 lat,< 15,K,k,>8 lat,polisa,23,brak,wynajem,jeden,wykfalifikowany,Uczenie
dobry,debet,12,bez problemów,meble,819,brak,1 do 5 lat,< 15,MŻW,m,>8 lat,brak,18,brak,inne,2- 4,wykfalifikowany,Uczenie
dobry,>$300,24,bez problemów,inny,2844.8,brak,Ponad 8,< 15,MS,m,>8 lat,nieruchomość,58,brak,własne,2- 4,wykfalifikowany,Uczenie
dobry,<= $300,21,brak,inny,4092.2,<140,1 do 5 lat,> 35,K,k,Do roku,polisa,26,inny bank,wynajem,jeden,specjalista/samozatr.,Uczenie
dobry,debet,18,brak,rehabilitacja,6214.6,brak,Ponad 8,> 35,MS,m,Do roku,brak,31,inny bank,wynajem,jeden,specjalista/samozatr.,Uczenie
dobry,>$300,6,brak,inny,940.8,brak,bezrobotny,> 35,K,k,>8 lat,brak,52,brak,wynajem,jeden,niewykfalifikowany bez stałej pracy,Test
zły,debet,18,brak,używany samochód,2693.6,>1400,do roku,< 15,K,k,5-8 lat,brak,25,brak,inne,jeden,wykfalifikowany,Test
zły,<= $300,24,brak,inny,1325.8,brak,5 do 8 lat,< 15,MS,m,5-8 lat,nieruchomość,36,inny bank,własne,jeden,wykfalifikowany,Uczenie
dobry,>$300,6,inny bank,inny,1096.2,>1400,1 do 5 lat,> 35,MS,m,1-5 lat,brak,24,sklep,wynajem,jeden,niewykfalifikowany stała praca,Uczenie
zły,>$300,36,bez problemów,meble,6248.2,brak,1 do 5 lat,< 15,MS,m,1-5 lat,polisa,24,brak,wynajem,2- 4,specjalista/samozatr.,Test
dobry,>$300,24,bez problemów,używany samochód,5811.4,<140,1 do 5 lat,25-35,MS,m,5-8 lat,samochód,33,brak,wynajem,2- 4,wykfalifikowany,Uczenie
zły,brak,36,spłacone,remont,11291,brak,1 do 5 lat,15- 25,K,k,1-5 lat,nieruchomość,23,brak,wynajem,2- 4,specjalista/samozatr.,Test
dobry,brak,30,brak,meble,3530.8,brak,Ponad 8,> 35,MS,m,5-8 lat,samochód,37,brak,wynajem,jeden,wykfalifikowany,Test
dobry,debet,12,brak,inny,8509.2,brak,5 do 8 lat,25-35,MS,m,1-5 lat,polisa,30,brak,wynajem,jeden,wykfalifikowany,Uczenie
dobry,debet,20,bez problemów,nowy samochód,9879.8,>1400,5 do 8 lat,15- 25,MS,m,>8 lat,samochód,34,inny bank,inne,2- 4,specjalista/samozatr.,Uczenie
zły,brak,24,brak,inny,1689.8,brak,do roku,< 15,K,k,>8 lat,samochód,22,brak,inne,jeden,wykfalifikowany,Uczenie
dobry,brak,12,brak,meble,3099.6,brak,1 do 5 lat,< 15,MS,m,5-8 lat,samochód,22,brak,wynajem,jeden,niewykfalifikowany stała praca,Test
dobry,brak,24,inny bank,nowy samochód,5084.8,brak,1 do 5 lat,> 35,K,k,>8 lat,polisa,20,inny bank,inne,jeden,wykfalifikowany,Test
dobry,<= $300,36,brak,meble,5486.6,brak,1 do 5 lat,25-35,MS,m,1-5 lat,brak,21,brak,wynajem,jeden,wykfalifikowany,Test
dobry,>$300,36,brak,meble,3218.6,140-700,Ponad 8,< 15,MS,m,>8 lat,polisa,37,brak,wynajem,jeden,wykfalifikowany,Test
dobry,>$300,30,spłacone,meble,4307.8,>1400,Ponad 8,15- 25,MS,m,1-5 lat,polisa,38,brak,wynajem,2- 4,wykfalifikowany,Test
zły,brak,12,brak,remont,957.6,brak,1 do 5 lat,< 15,MS,m,>8 lat,polisa,38,brak,inne,jeden,niewykfalifikowany stała praca,Uczenie
dobry,>$300,24,brak,używany samochód,4286.8,140-700,Ponad 8,< 15,MS,m,5-8 lat,nieruchomość,30,brak,inne,jeden,wykfalifikowany,Uczenie
zły,debet,48,brak,meble,4284,brak,5 do 8 lat,< 15,MS,m,>8 lat,brak,26,brak,wynajem,2- 4,wykfalifikowany,Test
dobry,brak,6,spłacone,meble,2739.8,brak,5 do 8 lat,> 35,K,k,>8 lat,polisa,29,brak,wynajem,jeden,wykfalifikowany,Test
zły,<= $300,9,brak,meble,1043,brak,1 do 5 lat,15- 25,K,k,1-5 lat,brak,26,brak,wynajem,jeden,niewykfalifikowany stała praca,Test
dobry,>$300,21,brak,nowy samochód,3466.4,>1400,Ponad 8,< 15,MS,m,>8 lat,brak,44,brak,wynajem,jeden,specjalista/samozatr.,Uczenie
dobry,<= $300,24,spłacone,rehabilitacja,1785,700-1400,1 do 5 lat,25-35,MR,m,>8 lat,brak,34,brak,wynajem,2- 4,wykfalifikowany,Uczenie
dobry,>$300,24,bez problemów,nowy samochód,6550.6,brak,5 do 8 lat,15- 25,MS,m,5-8 lat,polisa,33,brak,wynajem,2- 4,niewykfalifikowany stała praca,Test
dobry,debet,13,spłacone,meble,1234.8,brak,do roku,< 15,MS,m,>8 lat,brak,21,brak,wynajem,2- 4,wykfalifikowany,Uczenie
dobry,>$300,12,spłacone,remont,3847.2,brak,Ponad 8,25-35,K,k,>8 lat,nieruchomość,55,inny bank,własne,5- 6,niewykfalifikowany stała praca,Test
zły,brak,18,brak,inny,1366.4,brak,do roku,> 35,K,k,1-5 lat,polisa,21,brak,wynajem,jeden,niewykfalifikowany stała praca,Uczenie
dobry,debet,27,brak,rehabilitacja,3539.2,brak,do roku,< 15,K,k,Do roku,samochód,30,brak,wynajem,jeden,wykfalifikowany,Uczenie
dobry,>$300,6,spłacone,inny,2912,140-700,1 do 5 lat,> 35,MŻW,m,1-5 lat,polisa,22,brak,wynajem,jeden,wykfalifikowany,Test
zły,debet,12,brak,inny,1813,brak,do roku,15- 25,K,k,Do roku,polisa,23,brak,inne,jeden,wykfalifikowany,Uczenie
zły,brak,18,spłacone,inny,5552.4,brak,Ponad 8,> 35,K,k,>8 lat,brak,31,inny bank,inne,5- 6,wykfalifikowany,Test
zły,>$300,24,brak,meble,3355.8,140-700,Ponad 8,15- 25,MS,m,1-5 lat,polisa,33,inny bank,wynajem,2- 4,wykfalifikowany,Uczenie
dobry,<= $300,6,brak,używany samochód,2962.4,brak,1 do 5 lat,25-35,MS,m,1-5 lat,brak,39,brak,wynajem,jeden,wykfalifikowany,Uczenie
dobry,>$300,18,spłacone,nowy samochód,4520.6,>1400,bezrobotny,25-35,MS,m,>8 lat,nieruchomość,36,brak,wynajem,jeden,specjalista/samozatr.,Uczenie
zły,>$300,18,spłacone,remont,2609.6,<140,1 do 5 lat,< 15,K,k,1-5 lat,brak,28,brak,wynajem,2- 4,wykfalifikowany,Test
dobry,>$300,20,spłacone,inny,4879,>1400,do roku,25-35,MR,m,>8 lat,brak,42,brak,wynajem,2- 4,wykfalifikowany,Test
zły,debet,18,spłacone,inny,1237.6,brak,Ponad 8,< 15,MS,m,>8 lat,polisa,34,brak,wynajem,jeden,wykfalifikowany,Test
dobry,debet,24,spłacone,remont,8040.2,brak,do roku,25-35,K,k,>8 lat,nieruchomość,22,brak,własne,2- 4,wykfalifikowany,Uczenie
dobry,>$300,24,brak,meble,1926.4,140-700,5 do 8 lat,< 15,K,k,Do roku,polisa,26,brak,wynajem,jeden,wykfalifikowany,Uczenie
dobry,<= $300,12,brak,używany samochód,2063.6,brak,do roku,< 15,K,k,Do roku,samochód,31,inny bank,wynajem,jeden,specjalista/samozatr.,Uczenie
zły,>$300,24,bez problemów,rehabilitacja,12107.2,brak,do roku,25-35,MS,m,1-5 lat,polisa,25,inny bank,wynajem,2- 4,wykfalifikowany,Uczenie
dobry,>$300,24,spłacone,inny,1801.8,700-1400,Ponad 8,< 15,K,k,>8 lat,brak,35,brak,wynajem,2- 4,wykfalifikowany,Uczenie
zły,debet,12,opóźnienia,używany samochód,4156.6,brak,do roku,< 15,K,k,5-8 lat,samochód,23,brak,inne,2- 4,wykfalifikowany,Test
dobry,>$300,12,brak,rehabilitacja,1506.4,brak,1 do 5 lat,25-35,MŻW,m,1-5 lat,brak,24,brak,wynajem,jeden,wykfalifikowany,Test
dobry,>$300,24,brak,używany samochód,1300.6,>1400,5 do 8 lat,< 15,MS,m,1-5 lat,polisa,29,sklep,wynajem,jeden,wykfalifikowany,Uczenie
dobry,debet,11,spłacone,inny,1850.8,700-1400,1 do 5 lat,< 15,K,k,>8 lat,polisa,38,brak,wynajem,2- 4,wykfalifikowany,Test
dobry,brak,24,brak,używany samochód,4229.4,brak,1 do 5 lat,25-35,MR,m,1-5 lat,brak,22,brak,inne,jeden,niewykfalifikowany stała praca,Uczenie
zły,debet,60,brak,inny,10371.2,<140,do roku,< 15,K,k,1-5 lat,samochód,22,brak,wynajem,jeden,specjalista/samozatr.,Uczenie
dobry,>$300,39,brak,nowy samochód,3596.6,140-700,1 do 5 lat,< 15,MS,m,>8 lat,polisa,22,brak,wynajem,jeden,wykfalifikowany,Uczenie
dobry,debet,30,spłacone,inny,3053.4,>1400,Ponad 8,< 15,MS,m,>8 lat,brak,34,brak,wynajem,2- 4,wykfalifikowany,Test
zły,debet,12,brak,używany samochód,3866.8,>1400,Ponad 8,> 35,K,k,1-5 lat,samochód,23,brak,wynajem,jeden,wykfalifikowany,Uczenie
zły,brak,45,brak,meble,2583,brak,1 do 5 lat,< 15,MS,m,>8 lat,nieruchomość,21,brak,własne,jeden,wykfalifikowany,Uczenie
dobry,debet,24,brak,meble,2753.8,brak,Ponad 8,< 15,K,k,>8 lat,polisa,18,brak,wynajem,jeden,wykfalifikowany,Test
dobry,<= $300,24,spłacone,używany samochód,5063.8,>1400,Ponad 8,< 15,MS,m,>8 lat,nieruchomość,18,brak,inne,2- 4,wykfalifikowany,Test
dobry,>$300,12,spłacone,rehabilitacja,1659,brak,1 do 5 lat,15- 25,K,k,1-5 lat,brak,25,brak,wynajem,2- 4,wykfalifikowany,Uczenie
dobry,>$300,18,spłacone,inny,1477,brak,do roku,< 15,K,k,Do roku,samochód,28,brak,wynajem,2- 4,wykfalifikowany,Uczenie
dobry,brak,15,brak,używany samochód,2583,brak,do roku,< 15,K,k,Do roku,samochód,44,brak,inne,jeden,wykfalifikowany,Uczenie
zły,brak,12,opóźnienia,AGD,1551.2,brak,5 do 8 lat,< 15,MS,m,5-8 lat,brak,26,brak,wynajem,2- 4,wykfalifikowany,Uczenie
zły,brak,15,opóźnienia,inny,1330,brak,Ponad 8,< 15,MS,m,5-8 lat,polisa,31,brak,inne,2- 4,wykfalifikowany,Uczenie
zły,debet,45,brak,meble,4243.4,<140,1 do 5 lat,< 15,MS,m,>8 lat,samochód,19,brak,inne,jeden,wykfalifikowany,Uczenie
dobry,debet,9,spłacone,używany samochód,2686.6,brak,5 do 8 lat,< 15,MS,m,5-8 lat,polisa,33,brak,inne,jeden,wykfalifikowany,Test
dobry,debet,21,brak,używany samochód,5566.4,>1400,5 do 8 lat,25-35,MS,m,5-8 lat,polisa,33,brak,wynajem,jeden,wykfalifikowany,Test
dobry,>$300,12,brak,meble,1125.6,brak,Ponad 8,< 15,MS,m,>8 lat,polisa,36,brak,wynajem,jeden,wykfalifikowany,Uczenie
zły,brak,24,brak,meble,2781.8,brak,1 do 5 lat,25-35,MS,m,>8 lat,brak,19,brak,inne,jeden,niewykfalifikowany stała praca,Test
zły,debet,36,brak,AGD,3337.6,brak,do roku,< 15,MS,m,Do roku,nieruchomość,31,brak,inne,jeden,niewykfalifikowany stała praca,Uczenie
dobry,>$300,18,brak,używany samochód,4790.8,brak,Ponad 8,< 15,MS,m,>8 lat,samochód,45,inny bank,wynajem,5- 6,wykfalifikowany,Uczenie
dobry,<= $300,12,bez problemów,inny,3145.8,brak,1 do 5 lat,25-35,K,k,1-5 lat,polisa,34,sklep,wynajem,2- 4,wykfalifikowany,Uczenie
zły,brak,24,bez problemów,inny,6818,brak,1 do 5 lat,15- 25,MS,m,>8 lat,nieruchomość,51,brak,własne,2- 4,wykfalifikowany,Uczenie
dobry,<= $300,6,spłacone,remont,1465.8,brak,1 do 5 lat,25-35,K,k,>8 lat,samochód,48,brak,wynajem,jeden,niewykfalifikowany stała praca,Uczenie
dobry,brak,36,brak,business,22199.8,brak,bezrobotny,25-35,MR,m,5-8 lat,polisa,41,brak,wynajem,jeden,specjalista/samozatr.,Uczenie
zły,brak,9,brak,inny,1990.8,brak,do roku,15- 25,MS,m,1-5 lat,nieruchomość,25,brak,własne,jeden,specjalista/samozatr.,Uczenie
dobry,>$300,15,brak,meble,2770.6,>1400,Ponad 8,< 15,MS,m,1-5 lat,polisa,33,brak,wynajem,jeden,wykfalifikowany,Uczenie
dobry,>$300,30,spłacone,meble,9438.8,>1400,5 do 8 lat,25-35,MS,m,5-8 lat,samochód,34,brak,wynajem,2- 4,wykfalifikowany,Test
dobry,>$300,15,brak,meble,4995.2,brak,Ponad 8,< 15,K,k,1-5 lat,polisa,52,inny bank,inne,jeden,specjalista/samozatr.,Uczenie
zły,debet,24,spłacone,meble,1702.4,<140,do roku,< 15,MS,m,>8 lat,nieruchomość,36,inny bank,wynajem,2- 4,wykfalifikowany,Uczenie
zły,debet,30,brak,używany samochód,4817.4,<140,1 do 5 lat,25-35,K,k,>8 lat,polisa,19,inny bank,inne,jeden,wykfalifikowany,Test
dobry,debet,18,brak,inny,8764,brak,5 do 8 lat,15- 25,MS,m,5-8 lat,brak,26,brak,inne,jeden,niewykfalifikowany stała praca,Uczenie
dobry,<= $300,6,spłacone,inny,1818.6,brak,1 do 5 lat,> 35,MS,m,Do roku,brak,72,brak,wynajem,5- 6,niewykfalifikowany bez stałej pracy,Test
dobry,>$300,24,spłacone,inny,2716,700-1400,Ponad 8,< 15,MS,m,>8 lat,brak,58,brak,wynajem,jeden,wykfalifikowany,Test
dobry,debet,21,spłacone,używany samochód,3843,700-1400,5 do 8 lat,15- 25,MS,m,1-5 lat,polisa,30,brak,wynajem,2- 4,wykfalifikowany,Uczenie
dobry,>$300,60,brak,meble,14201.6,<140,5 do 8 lat,25-35,K,k,>8 lat,brak,19,brak,wynajem,jeden,wykfalifikowany,Uczenie
dobry,>$300,24,brak,meble,4453.4,brak,do roku,< 15,K,k,>8 lat,samochód,24,brak,wynajem,jeden,wykfalifikowany,Test
dobry,>$300,24,brak,meble,1398.6,>1400,Ponad 8,< 15,MS,m,1-5 lat,polisa,23,brak,wynajem,2- 4,wykfalifikowany,Uczenie
dobry,>$300,6,opóźnienia,inny,1685.6,<140,1 do 5 lat,< 15,MS,m,Do roku,nieruchomość,33,inny bank,inne,jeden,wykfalifikowany,Test
dobry,<= $300,15,brak,rehabilitacja,3761.8,brak,5 do 8 lat,25-35,MS,m,>8 lat,samochód,24,brak,inne,jeden,wykfalifikowany,Uczenie
dobry,brak,10,spłacone,inny,3137.4,brak,do roku,> 35,MS,m,5-8 lat,brak,46,brak,inne,2- 4,niewykfalifikowany stała praca,Test
dobry,>$300,15,bez problemów,używany samochód,1344,700-1400,5 do 8 lat,15- 25,K,k,1-5 lat,samochód,28,brak,wynajem,2- 4,wykfalifikowany,Uczenie
dobry,>$300,24,spłacone,meble,7144.2,brak,do roku,15- 25,MŻW,m,5-8 lat,nieruchomość,45,brak,własne,5- 6,wykfalifikowany,Uczenie
dobry,>$300,9,brak,meble,3775.8,brak,1 do 5 lat,> 35,MS,m,1-5 lat,brak,30,brak,wynajem,jeden,wykfalifikowany,Test
dobry,brak,18,spłacone,używany samochód,1468.6,brak,do roku,< 15,K,k,>8 lat,samochód,19,brak,inne,jeden,wykfalifikowany,Uczenie
dobry,debet,24,bez problemów,inny,2751,>1400,1 do 5 lat,< 15,K,k,>8 lat,polisa,40,brak,inne,2- 4,wykfalifikowany,Uczenie
dobry,debet,30,opóźnienia,rehabilitacja,5909.4,brak,1 do 5 lat,25-35,K,k,Do roku,polisa,26,brak,wynajem,2- 4,wykfalifikowany,Uczenie
dobry,>$300,48,spłacone,nowy samochód,12401.2,>1400,5 do 8 lat,25-35,MS,m,Do roku,nieruchomość,33,brak,własne,2- 4,wykfalifikowany,Uczenie
dobry,debet,15,brak,AGD,2119.6,<140,1 do 5 lat,< 15,MS,m,1-5 lat,brak,20,brak,wynajem,jeden,wykfalifikowany,Uczenie
dobry,brak,15,spłacone,używany samochód,1365,brak,1 do 5 lat,25-35,MR,m,5-8 lat,samochód,23,brak,wynajem,2- 4,wykfalifikowany,Uczenie
zły,debet,15,bez problemów,AGD,2116.8,700-1400,1 do 5 lat,15- 25,MŻW,m,5-8 lat,samochód,59,sklep,wynajem,2- 4,wykfalifikowany,Test
zły,brak,21,bez problemów,remont,4779.6,brak,do roku,25-35,MS,m,Do roku,samochód,24,sklep,wynajem,2- 4,wykfalifikowany,Test
dobry,>$300,6,spłacone,inny,9465.4,brak,5 do 8 lat,> 35,MS,m,5-8 lat,nieruchomość,43,brak,wynajem,2- 4,specjalista/samozatr.,Test
dobry,debet,42,inny bank,nowy samochód,12996.2,brak,bezrobotny,> 35,MS,m,1-5 lat,nieruchomość,53,inny bank,własne,jeden,specjalista/samozatr.,Uczenie
zły,brak,24,brak,używany samochód,4683,brak,Ponad 8,< 15,MS,m,1-5 lat,samochód,37,brak,inne,jeden,specjalista/samozatr.,Test
dobry,>$300,24,brak,inny,1950.2,brak,1 do 5 lat,25-35,MS,m,1-5 lat,brak,29,brak,wynajem,jeden,wykfalifikowany,Test
zły,<= $300,24,spłacone,inny,1881.6,>1400,5 do 8 lat,< 15,MS,m,1-5 lat,brak,35,inny bank,wynajem,2- 4,niewykfalifikowany stała praca,Uczenie
dobry,>$300,14,bez problemów,inny,1122.8,brak,1 do 5 lat,< 15,MS,m,1-5 lat,polisa,25,brak,wynajem,2- 4,niewykfalifikowany stała praca,Uczenie
dobry,brak,36,brak,nowy samochód,7690.2,brak,Ponad 8,25-35,MS,m,>8 lat,nieruchomość,40,brak,własne,jeden,wykfalifikowany,Uczenie
dobry,>$300,10,brak,inny,2235.8,140-700,1 do 5 lat,15- 25,MS,m,1-5 lat,nieruchomość,38,brak,inne,jeden,niewykfalifikowany stała praca,Uczenie
dobry,brak,12,brak,używany samochód,3607.8,brak,1 do 5 lat,25-35,MR,m,Do roku,polisa,40,brak,wynajem,jeden,wykfalifikowany,Uczenie
zły,brak,36,brak,remont,2767.8,>1400,Ponad 8,< 15,MS,m,>8 lat,nieruchomość,38,brak,wynajem,jeden,specjalista/samozatr.,Uczenie
zły,>$300,18,brak,używany samochód,2146.2,brak,do roku,< 15,MŻW,m,Do roku,samochód,41,brak,wynajem,jeden,niewykfalifikowany stała praca,Uczenie
dobry,>$300,48,spłacone,meble,5009.2,>1400,Ponad 8,< 15,MS,m,Do roku,brak,45,brak,wynajem,jeden,wykfalifikowany,Uczenie
zły,brak,36,spłacone,używany samochód,8720.6,brak,do roku,< 15,K,k,>8 lat,nieruchomość,21,brak,inne,2- 4,niewykfalifikowany stała praca,Test
dobry,debet,18,brak,inny,8212.4,<140,1 do 5 lat,25-35,MS,m,1-5 lat,polisa,28,brak,wynajem,2- 4,wykfalifikowany,Uczenie
dobry,>$300,39,brak,nowy samochód,12023.2,<140,Ponad 8,< 15,MS,m,1-5 lat,polisa,43,brak,wynajem,jeden,specjalista/samozatr.,Uczenie
dobry,debet,18,spłacone,meble,2513,brak,Ponad 8,15- 25,K,k,>8 lat,brak,46,inny bank,inne,2- 4,niewykfalifikowany stała praca,Uczenie
dobry,>$300,15,spłacone,meble,2042.6,brak,1 do 5 lat,< 15,K,k,1-5 lat,polisa,41,brak,wynajem,jeden,niewykfalifikowany stała praca,Uczenie
zły,<= $300,30,bez problemów,rehabilitacja,2671.2,brak,Ponad 8,< 15,MS,m,>8 lat,brak,64,brak,wynajem,jeden,specjalista/samozatr.,Uczenie
dobry,debet,48,brak,inny,11881.8,>1400,5 do 8 lat,> 35,K,k,1-5 lat,polisa,22,brak,wynajem,jeden,wykfalifikowany,Test
dobry,debet,12,brak,meble,1621.2,140-700,1 do 5 lat,15- 25,MR,m,Do roku,polisa,24,brak,wynajem,jeden,wykfalifikowany,Uczenie
zły,brak,24,bez problemów,meble,1433.6,brak,do roku,< 15,MŻW,m,>8 lat,brak,46,sklep,wynajem,jeden,wykfalifikowany,Uczenie
dobry,>$300,6,brak,remont,2153.2,brak,do roku,> 35,K,k,1-5 lat,nieruchomość,54,brak,wynajem,jeden,wykfalifikowany,Test
dobry,brak,8,spłacone,inny,4757.2,brak,5 do 8 lat,> 35,MS,m,>8 lat,brak,37,brak,wynajem,2- 4,niewykfalifikowany stała praca,Test
dobry,brak,24,brak,rehabilitacja,9195.2,brak,1 do 5 lat,25-35,MŻW,m,1-5 lat,polisa,19,sklep,wynajem,jeden,niewykfalifikowany stała praca,Test
dobry,>$300,4,brak,używany samochód,841.4,brak,do roku,> 35,K,k,5-8 lat,brak,21,brak,inne,jeden,niewykfalifikowany stała praca,Uczenie
dobry,debet,18,spłacone,używany samochód,5056.8,brak,Ponad 8,15- 25,K,k,>8 lat,samochód,35,brak,wynajem,jeden,wykfalifikowany,Uczenie
zły,brak,18,brak,meble,1883,brak,1 do 5 lat,< 15,MŻW,m,5-8 lat,brak,24,brak,wynajem,jeden,wykfalifikowany,Uczenie
dobry,>$300,15,spłacone,używany samochód,2128,>1400,Ponad 8,< 15,MS,m,>8 lat,samochód,61,brak,wynajem,jeden,wykfalifikowany,Uczenie
zły,brak,24,brak,inny,1799,>1400,5 do 8 lat,< 15,K,k,>8 lat,nieruchomość,30,brak,inne,jeden,wykfalifikowany,Uczenie
dobry,>$300,9,brak,inny,3509.8,140-700,Ponad 8,25-35,MS,m,>8 lat,nieruchomość,49,brak,własne,jeden,niewykfalifikowany stała praca,Test
dobry,>$300,9,brak,używany samochód,1943.2,brak,1 do 5 lat,< 15,K,k,1-5 lat,brak,24,brak,inne,jeden,wykfalifikowany,Uczenie
dobry,debet,18,brak,rehabilitacja,2717.4,700-1400,1 do 5 lat,< 15,MS,m,1-5 lat,samochód,33,brak,wynajem,jeden,niewykfalifikowany stała praca,Uczenie
dobry,<= $300,36,brak,meble,8187.2,brak,1 do 5 lat,< 15,MS,m,Do roku,polisa,22,brak,wynajem,jeden,wykfalifikowany,Test
dobry,>$300,10,brak,nowy samochód,4061.4,>1400,do roku,> 35,K,k,>8 lat,brak,29,brak,inne,jeden,wykfalifikowany,Uczenie
dobry,debet,21,spłacone,rehabilitacja,5112.8,brak,5 do 8 lat,25-35,MS,m,5-8 lat,samochód,25,brak,wynajem,2- 4,wykfalifikowany,Test
dobry,<= $300,30,spłacone,meble,4223.8,brak,Ponad 8,< 15,MS,m,>8 lat,samochód,45,brak,wynajem,jeden,wykfalifikowany,Uczenie
dobry,>$300,18,spłacone,meble,3133.2,brak,1 do 5 lat,25-35,K,k,Do roku,polisa,23,brak,wynajem,2- 4,wykfalifikowany,Uczenie
zły,debet,12,brak,inny,1243.2,brak,Ponad 8,< 15,MS,m,>8 lat,polisa,39,inny bank,wynajem,jeden,niewykfalifikowany stała praca,Uczenie
dobry,>$300,18,brak,meble,2034.2,brak,do roku,15- 25,K,k,Do roku,brak,24,brak,wynajem,jeden,wykfalifikowany,Uczenie
dobry,debet,48,bez problemów,rehabilitacja,9353.4,>1400,1 do 5 lat,< 15,MS,m,>8 lat,nieruchomość,36,brak,własne,jeden,wykfalifikowany,Test
dobry,<= $300,12,brak,używany samochód,1993.6,>1400,Ponad 8,15- 25,K,k,>8 lat,brak,53,brak,wynajem,jeden,specjalista/samozatr.,Uczenie
dobry,>$300,4,spłacone,inny,4732,brak,5 do 8 lat,> 35,K,k,Do roku,brak,35,brak,wynajem,jeden,wykfalifikowany,Uczenie
dobry,>$300,15,brak,używany samochód,3060.4,>1400,5 do 8 lat,> 35,K,k,>8 lat,brak,31,inny bank,inne,jeden,niewykfalifikowany stała praca,Uczenie
dobry,>$300,12,brak,meble,989.8,brak,1 do 5 lat,< 15,MS,m,1-5 lat,brak,28,inny bank,wynajem,2- 4,wykfalifikowany,Test
zły,>$300,18,spłacone,inny,3885,brak,5 do 8 lat,25-35,MS,m,1-5 lat,samochód,29,inny bank,wynajem,2- 4,wykfalifikowany,Uczenie
dobry,>$300,48,brak,meble,14310.8,>1400,5 do 8 lat,< 15,MS,m,5-8 lat,polisa,35,sklep,wynajem,jeden,wykfalifikowany,Uczenie
zły,debet,48,brak,meble,15345.4,700-1400,5 do 8 lat,> 35,MS,m,1-5 lat,nieruchomość,25,inny bank,wynajem,2- 4,wykfalifikowany,Uczenie
zły,brak,48,opóźnienia,używany samochód,9966.6,brak,1 do 5 lat,15- 25,MS,m,>8 lat,nieruchomość,51,brak,własne,2- 4,wykfalifikowany,Test
dobry,>$300,36,spłacone,nowy samochód,15475.6,>1400,1 do 5 lat,< 15,MS,m,1-5 lat,polisa,28,brak,wynajem,jeden,specjalista/samozatr.,Uczenie
zły,debet,18,brak,inny,1458.8,>1400,1 do 5 lat,< 15,K,k,1-5 lat,samochód,31,brak,wynajem,jeden,wykfalifikowany,Uczenie
dobry,>$300,12,spłacone,używany samochód,1761.2,brak,do roku,25-35,K,k,>8 lat,samochód,20,brak,inne,2- 4,niewykfalifikowany stała praca,Uczenie
dobry,brak,24,brak,używany samochód,5836.6,brak,1 do 5 lat,< 15,MS,m,>8 lat,samochód,26,brak,wynajem,jeden,wykfalifikowany,Test
dobry,debet,18,brak,meble,1821.4,brak,Ponad 8,< 15,MŻW,m,1-5 lat,brak,30,brak,wynajem,jeden,niewykfalifikowany stała praca,Test
zły,debet,15,inny bank,inny,1769.6,<140,1 do 5 lat,25-35,MŻW,m,1-5 lat,samochód,23,brak,inne,jeden,wykfalifikowany,Uczenie
dobry,debet,7,brak,meble,3260.6,brak,do roku,> 35,K,k,Do roku,brak,43,brak,wynajem,jeden,wykfalifikowany,Test
dobry,<= $300,24,brak,meble,1927.8,<140,Ponad 8,< 15,K,k,1-5 lat,nieruchomość,45,brak,własne,jeden,wykfalifikowany,Uczenie
dobry,brak,8,spłacone,business,1629.6,brak,Ponad 8,15- 25,MS,m,>8 lat,nieruchomość,49,inny bank,własne,2- 4,specjalista/samozatr.,Test
dobry,>$300,18,spłacone,meble,880.6,140-700,Ponad 8,< 15,MS,m,5-8 lat,samochód,30,inny bank,wynajem,2- 4,specjalista/samozatr.,Uczenie
dobry,<= $300,24,brak,używany samochód,5248.6,brak,do roku,25-35,K,k,>8 lat,polisa,24,brak,wynajem,jeden,wykfalifikowany,Uczenie
zły,debet,48,spłacone,używany samochód,7134.4,brak,1 do 5 lat,25-35,K,k,5-8 lat,polisa,28,brak,wynajem,jeden,specjalista/samozatr.,Uczenie
dobry,debet,24,bez problemów,meble,8964.2,brak,do roku,> 35,MS,m,1-5 lat,polisa,31,brak,wynajem,jeden,wykfalifikowany,Uczenie
zły,brak,48,brak,meble,9798.6,brak,5 do 8 lat,> 35,MŻW,m,Do roku,brak,32,brak,wynajem,2- 4,wykfalifikowany,Test
dobry,debet,24,spłacone,nowy samochód,10861.2,700-1400,Ponad 8,25-35,K,k,>8 lat,nieruchomość,27,brak,inne,jeden,wykfalifikowany,Test
zły,>$300,15,brak,remont,6472.2,<140,1 do 5 lat,15- 25,MS,m,1-5 lat,samochód,38,brak,wynajem,jeden,specjalista/samozatr.,Uczenie
zły,brak,24,brak,inny,2018.8,brak,5 do 8 lat,< 15,K,k,>8 lat,polisa,21,brak,inne,2- 4,wykfalifikowany,Uczenie
dobry,>$300,24,spłacone,remont,2697.8,>1400,1 do 5 lat,15- 25,K,k,1-5 lat,polisa,31,brak,wynajem,2- 4,wykfalifikowany,Uczenie
zły,debet,60,brak,remont,8803.2,brak,1 do 5 lat,< 15,MS,m,>8 lat,nieruchomość,40,brak,własne,jeden,wykfalifikowany,Uczenie
zły,>$300,21,opóźnienia,inny,7004.2,>1400,1 do 5 lat,> 35,K,k,>8 lat,samochód,27,inny bank,wynajem,2- 4,wykfalifikowany,Uczenie
dobry,debet,30,brak,używany samochód,5364.8,brak,do roku,25-35,MŻW,m,Do roku,samochód,20,brak,wynajem,jeden,wykfalifikowany,Uczenie
dobry,debet,9,spłacone,meble,1615.6,brak,Ponad 8,25-35,MS,m,>8 lat,brak,35,brak,wynajem,5- 6,niewykfalifikowany stała praca,Test
dobry,>$300,24,spłacone,AGD,2881.2,brak,1 do 5 lat,< 15,MR,m,1-5 lat,brak,31,brak,wynajem,2- 4,wykfalifikowany,Uczenie
dobry,debet,36,bez problemów,inny,4006.8,<140,Ponad 8,< 15,MS,m,5-8 lat,nieruchomość,28,brak,własne,jeden,wykfalifikowany,Uczenie
